kmer,avg
GCTGG,0.0912396212587457
CTGGG,0.0875018850621867
GGTGG,0.08516531355280059
CGCGG,0.08248881440355213
TGGGG,0.08247753337771209
GCGGG,0.08084479427059606
GTTGG,0.08069151118987158
TGGGA,0.08046091118108804
GCGCG,0.08039530868679261
GGAAG,0.08013732978526174
GCCGG,0.0798233869792407
CGCGC,0.07880383065869377
GGGTG,0.07857229710646695
GTGGG,0.07840952926153091
CCGGG,0.07810107165997586
GGCTG,0.07798151747448914
CGGGG,0.07689224227146234
GGGAG,0.07660039985323522
GGTTG,0.07648143405527916
TGGTG,0.07564192002274744
GGCGG,0.0754863820223775
CCCGG,0.07536509882367101
TGGAG,0.07516141024302396
TTTTT,0.07425149334779317
GGCGC,0.0742004071702956
TGCTG,0.07393017435420866
GCGGA,0.0738502467698455
CGCCG,0.07374521694837917
GGGGG,0.07250492744755724
TTGGG,0.07233242952318064
CCGCG,0.07223412236579226
CTGGA,0.0720967357389384
GGAGG,0.0715924611807306
GGGGA,0.07153661447385176
TGGCG,0.07148813965363562
GGGCG,0.07115792054840288
GCTGC,0.07110533616773729
CCTGG,0.07086669472810564
TGCGG,0.06924533578799208
CGCTG,0.06910270994430441
GCGCC,0.06906085733467951
CCGGA,0.06892968502791484
GTTTG,0.0682996981125325
TGTGG,0.06826257349831402
TGTTG,0.06805876213692777
CGGAG,0.06781602142492092
CTGGT,0.06738501171312979
GGAGC,0.06714098706223132
GTTGC,0.06713674739626507
GGGAA,0.06690038437983649
CGGCG,0.06670786431222779
CGGGA,0.06667018440497119
GTGGA,0.06636291093565089
GGCCG,0.06633716638170636
GCCGC,0.06605975568899772
TGGTT,0.06595322035761826
CGGTG,0.06586684666746345
GGGGT,0.06578607758137044
GCTTG,0.06549087795046674
CTGCG,0.0654705885773556
TTGGA,0.06535118446230712
TTTGG,0.0653034262430285
TGGAA,0.0652827006998856
CGGGC,0.06520671936741564
GCGGC,0.06514506484453844
TCCGG,0.06494747638323946
GGTGC,0.06468828101837937
GCGGT,0.06417437452670588
CGTGG,0.06404769606810284
CTTGG,0.06396618321058199
GCGCT,0.06383096355551673
GCGTG,0.06351147839637554
GCCTG,0.06325000093562942
GGGGC,0.06312502838780562
CCGGC,0.06306959710822817
TGGGT,0.06282411791892213
GGGTT,0.06277098279152933
CGGAA,0.062466620956668197
GTGTG,0.06231745095437829
CTGGC,0.06086348378845946
GTGGC,0.060771501746442004
TGCGC,0.059840196048115246
GGTGT,0.05971891413151752
GCCCG,0.05968005447003739
TCTGG,0.059584112163139434
CCCGC,0.05937564024932848
TGGGC,0.05890663891676551
GGAGT,0.05886331076941873
TTTTG,0.058621362769228746
CGCCC,0.058182099324891615
GGACG,0.058116425184303475
CGGGT,0.05799852060692282
GTGGT,0.05797777926449531
GTGCG,0.057575433696788476
TTCCG,0.05746909148340458
AGCTG,0.05728367475162754
CCGGT,0.056279415854731125
CCGCC,0.05572364714640148
CCCCG,0.05557351653007181
CTGTG,0.05556659664544244
GCTGT,0.05508559631816752
GGGCT,0.05500987905239606
GGTTT,0.05495346460267901
GTTGT,0.05476470876607405
CGGCC,0.05454749190059223
GCAGG,0.054540464291679705
TTGCT,0.053856980387465496
TTGTT,0.05360312491522304
GGGCC,0.05329568691167194
AGTTG,0.053286264056894385
TTGGT,0.05315223022747565
TTGCG,0.052929722316291054
TCGGG,0.05247721121025582
TTCTG,0.05204929947745459
GAGCG,0.051585520214428575
GGATG,0.050751628779939245
GGGAC,0.050649486863171195
CGGCT,0.05056812083858669
GAGGG,0.05050231429214667
TGCCG,0.04947144470731113
GGCAG,0.04934525823748972
GCGAG,0.049276089793854644
CGGTT,0.0491990295431872
TTGTG,0.0489745353927695
GGACC,0.04896841671712367
TTTGT,0.04887746235588565
GAGGA,0.04841804788895107
ACGCG,0.048249147222613135
CTGCC,0.048113676149390376
GGAGA,0.04787693414905434
GGAAC,0.04783495512633952
CTATA,0.04770971594844013
GGCGT,0.047605352687903425
CTGCT,0.047591969902579745
GACGG,0.04757694120892475
GTGTT,0.04756118261207968
ACTGG,0.04735039520762204
CCTGC,0.0473405938970622
GACTG,0.04727363392480531
GAAGC,0.04724412886520563
GTGCT,0.04707119433519741
TTTGC,0.046666934765875336
GAGTG,0.04652922307991142
AGTGG,0.04651223347940589
GGCCC,0.046503017744724894
CGGAC,0.04646303177067487
CTCGG,0.04628656476867802
TGCAG,0.046207003191505606
AGCGG,0.04612277496660593
TCCCG,0.04611679013639179
TCGCG,0.04604935646621203
GGAAA,0.04576729157504261
TGGCT,0.045538393652416985
GAAGT,0.04546063177698456
TGTTT,0.04540226967230239
TTGGC,0.045392449357887915
GACGC,0.045155634902246694
AGGTG,0.04511176639254652
CGCGT,0.04496816290231035
CTGTT,0.04486189654271584
GCCCC,0.04475002417051897
GCTTC,0.04429007910002329
CGTTG,0.044018889061494995
CTTTG,0.04389351158391433
TGGCC,0.043727434758613175
TCCTG,0.04360083101414628
CCCTG,0.04341779803761038
TGGAC,0.04271623020688534
GCTCG,0.04255231292276852
CGCCT,0.04230934571418137
GGTTC,0.04228742303432408
TATAA,0.041912544999030174
GAAGG,0.04140268354045374
CTCTG,0.041277803746735744
GCGCA,0.04125954376408206
AGGAA,0.04117589031234384
GGCTT,0.041128148630131686
GAGGT,0.04104566789754644
GAGCT,0.04095591071154922
CGCGA,0.040603976907265006
GCAGC,0.040572233354128975
TCCGC,0.0405272598999242
TGCTT,0.04051522248091534
GTCGG,0.04045841984510379
GAGGC,0.0403131087995216
CTGAG,0.040190452455369265
CCGCT,0.04016151518846301
CCGTG,0.04012776273116793
TGAGG,0.03997071824093725
GTTTC,0.039948772370792966
GAGAG,0.03979000751301646
TGTGT,0.03969628279976084
GATGG,0.03956580286316529
CGCTT,0.039451545108081396
CTCCG,0.039194040577898825
CAGGG,0.03905182685188238
GCCTC,0.03901109475911491
GCCGT,0.03889527645529501
CTTCC,0.03888566034858206
CCCCC,0.03871752288791218
GTGAG,0.03865798727082053
GGTGA,0.03860096177016034
GGCGA,0.03859964385761455
GTTTT,0.03854382230449834
AGCGC,0.03850137654617585
AGCCG,0.037913153455319475
ACCGG,0.037817340873537914
GCGTC,0.037732109545789864
GCAGT,0.037697950403364204
CTTGC,0.037544007160636425
GGGTC,0.03733687546897541
GGCTC,0.03725540429716949
GCGTT,0.03725175459694583
GAAGA,0.036971231914107124
GAGTT,0.036910440896709376
GCTGA,0.03690268453882519
GAGCC,0.0367955598583587
GTCCG,0.03673724228760992
GGGCA,0.036685955965589746
GGCCT,0.03569590697623211
CAGTG,0.035681141358998
CTCGC,0.03565856047651851
CGAGG,0.03560528732017028
TTGAG,0.03536986013010176
GGTCC,0.035363154314998826
TGGCA,0.03533250930138513
GGACT,0.03529479189689249
CGTGC,0.03512695064579645
CGCAG,0.03510960548557341
CGTCG,0.035086473982848296
CCTTG,0.034844631961378686
TGCCT,0.03469951502106674
CCGAG,0.034622507687582744
AGGCG,0.03439117288383667
GCTCC,0.03409584856853776
GTGCC,0.033742078273145834
GTCGC,0.033599936479533264
CGGTC,0.03330850671620372
TTTCC,0.03323685966823842
TGTGC,0.03305752966126877
GGTCG,0.03295736142540438
GCCGA,0.03287950023523602
GTCTG,0.032729763768245275
CCAGG,0.03267966405879278
CGCTC,0.032582216842674615
GCCAG,0.0325449904316033
AGGAG,0.03246273163380452
CAGTT,0.03239943755075991
AGGGA,0.03233546932009631
CTTTT,0.032108953795492806
CTGCA,0.03196789361816489
GTTCC,0.03188159362804826
AGCAG,0.031817362323168445
GCACG,0.03167828088566946
CCTCG,0.03150942884345955
TTCGG,0.03136164647571388
AGTGT,0.030670385075579353
TTTCT,0.030251688200237076
TCGGC,0.030222275161229502
TTGCA,0.030218745905651965
AGGGG,0.030213153238076905
GCCCT,0.03006507015081158
CTTGT,0.030041525269588157
TTTTC,0.02958652173018384
TCGCC,0.029533041432422986
GTTGA,0.029532438467463687
CCCAG,0.02947760484052295
TGCGT,0.029463022509338084
TTCCT,0.029264128155968832
CGAGC,0.028980674898273436
TTGCC,0.028819053263869136
CAGCG,0.028732092622365174
TTCTT,0.028290085572293622
GCTTT,0.02785527964275921
CTCCC,0.027762094427498964
ACGCC,0.027743938313797116
TCCCC,0.02758117202641581
GACCG,0.02742763086071264
GCGAC,0.027334389580171224
AGAAG,0.02728446645435328
TCTGC,0.027233253275915012
TTCCC,0.02720820070054658
CGTTT,0.027027306617316553
TCTTT,0.026899242559828018
CGGCA,0.026451055735877763
CCTCC,0.02640447149464449
CCTGT,0.026222457037141537
TCTTG,0.026200723659796574
CGCAC,0.026129703754723656
AGTTT,0.026127013788473877
GCAGA,0.025603482793700807
GTGCA,0.025278610982491657
GTCCC,0.024853377620241156
TTCGC,0.024610509804075524
TCGGA,0.024583057794979837
AGGGC,0.02449866139308923
AGGGT,0.024407111751807337
CTTCT,0.02433789287512708
CCAGC,0.023923433784130182
GAGCA,0.023469882001961862
CAGGA,0.023206320122544154
CCGTT,0.02312979417453919
GTGTC,0.023005605265724524
CGACG,0.02278681418974884
CACTG,0.022614917070401
AGTGC,0.022439553092352182
GGTAG,0.02241896969619496
ACCCG,0.022399298358974713
TCTGT,0.022388060359650703
AGGTT,0.022373733326958693
TGAGC,0.02192286853352046
TGCCC,0.021898023150266056
CCCTC,0.021851934470586105
GCTCT,0.02161952833104369
GTAGT,0.02150164657926306
GATTG,0.021041183679460965
TATAT,0.021035288763983598
CACGC,0.020932915219419652
CAGAG,0.020736943108110834
ACGGG,0.02071608429386591
AGAGG,0.020456765674100055
GAGAA,0.02038406274626933
ACTGC,0.020209494549343787
CAGGC,0.02010638090491585
CACGG,0.02005947113896792
TGGTC,0.020033247947586666
CAGGT,0.019887752032033013
ACTTG,0.01988513920495802
GGGAT,0.01964837064950774
GCAAG,0.01939989641389769
TGAGA,0.01937648084733103
CCGCA,0.019328874677617958
GACTT,0.019110899315966132
ACGGC,0.018823967446278064
CTCTT,0.0187755454954534
CTTTC,0.01857588073022144
CCCCT,0.018489286572009593
CAGCT,0.018219626240213126
TGAGT,0.018166867569404638
CGCCA,0.018049710966546888
GACCC,0.018006901763835223
GCCCA,0.017960424610774975
GACGT,0.017766197912433015
TGCTC,0.017588710059071817
TTCAG,0.017411543378385446
CGTGT,0.017350751494496375
TCGCT,0.017151231577183724
AGAGC,0.016989446922202823
AGCTT,0.01677303019366686
CGGAT,0.016661601019218382
TGAAG,0.01660224969043981
GGTCT,0.01660089979133179
TGGAT,0.016294616305351478
GCCTT,0.016195309750631225
AACTG,0.016164980339622048
TCCAG,0.016152838668306406
CCGTC,0.015974606594456167
CAGAA,0.015794108809878755
ACTGT,0.015516277447180904
AAGTG,0.015376556695700854
TTATA,0.015376256930446901
CCTCT,0.015341992260662995
CCAGA,0.015308757972657735
ACCTG,0.015273269973298972
GGCAC,0.015021492479487307
CCCGA,0.014931871375301853
CAGCC,0.014857126784090024
GAACT,0.014526596375540874
GGATT,0.014283044191575806
TGTGA,0.014140784347729456
CCCTT,0.014039807860039877
CCCGT,0.013955261410074788
CCTTC,0.013808654091377374
CCAGT,0.013628709266809851
CCTTT,0.013619756164482317
GTTCT,0.01361711936583387
AGGCT,0.013601721494684598
GAGTC,0.013524004506479417
CTGTC,0.013487888936102742
TCTCT,0.013473686499730032
AGCCC,0.01340709437715954
GTTCG,0.013332873979075389
GAATG,0.013251437512536844
TTTGA,0.013166679437166418
TCCTT,0.01311129068515988
ATTTT,0.01295768266262592
GGCCA,0.012899776855730707
ACGGA,0.012644773263290717
TGCGA,0.01250168639978275
CTGAC,0.01203429776651319
AGGAC,0.011720650222631964
CGTCC,0.011671038813976168
TCGGT,0.011652164441932525
GAAAG,0.011587363167200238
CTTCG,0.01144744838250107
ACGTG,0.011403903637819731
GTGAC,0.011259627216897997
CTGAA,0.011198434954146958
CTCAG,0.011072201752508788
GAGAC,0.01086166538719543
CCCCA,0.010744419389930511
CTCTC,0.010714565889200068
CAGAC,0.01059977497104459
AAGCG,0.010467921829639145
AGGCC,0.010262647338496892
GGGTA,0.009974448289722205
CTCCT,0.009929158322536099
TCCCT,0.009891734803065221
TGTTC,0.009759059275754474
GAACC,0.00941430217060058
CCCAC,0.009320892514466253
TTCTC,0.009271244822663772
TCTTC,0.009210912427761488
GCACT,0.008821399948433015
TGTCT,0.008721017870561194
ATATA,0.008659763152728666
TGACG,0.008653074117527077
GCACC,0.008396343788363809
CTTGA,0.008287464862729868
AGAGT,0.008123982616755832
GCGAA,0.00781480340464484
TGCAC,0.0078055785053634434
AGAGA,0.007736682085632759
GACAG,0.007564809141002564
GTCCT,0.0074440141465809
CGAAG,0.0073783762589260775
AGCCT,0.007281410958967172
GGAAT,0.007224039446604862
GCCAC,0.007210115312706106
GACCT,0.007180432091671519
ACCGC,0.007163165352382773
CCTGA,0.006697546005281702
TCCTC,0.006628179239103791
AAGCT,0.00659037607566764
AGTTC,0.006569873767198417
GAAAC,0.00647911116373071
TGTAG,0.006359197109888652
CAGTC,0.006160893469328025
GTCAG,0.005963235770330011
GGACA,0.005862991581815555
ACGCT,0.005737469718722558
AGCTC,0.00558595718259083
TGACT,0.005415198227901961
TTGTC,0.0053398627826177015
TCAGT,0.00521836920080731
TTTCA,0.00505918299218988
TGTCG,0.004681847791300353
AGACG,0.0046664862277074936
TCAGA,0.004575192665432168
TCCGT,0.004364967866885392
GTGAA,0.004192956341430545
ATGGG,0.003934524878022376
CCACG,0.0038487545345361304
GTCGT,0.0037700943567830583
CAGCA,0.003505540445158389
TAGTT,0.0034685927088416745
AGTCC,0.0034580783498597287
AAGCA,0.0034069891770490287
AAGGA,0.003386407846528756
ATTGG,0.003365803593922346
TCGTT,0.003268052847124636
ATGGC,0.0031103537733396217
GTCTT,0.0030881977146086483
AACGC,0.003062252877723603
ACTGA,0.0030584706581736863
AGTGA,0.0028855260585352216
AGCGT,0.002778745652725568
ATAAA,0.0026233423970313404
GATGT,0.002459390409435932
TGCCA,0.002434587695771891
TCTCC,0.0023233217311309216
GTAGC,0.002288588103648199
ATGTG,0.0021925640784287723
ACTTC,0.0019012604217557984
CACCG,0.0017465063960706764
GGCAA,0.001615149043184721
AGCGA,0.0010675989930325795
TCTGA,0.0008806986885296329
CGAGT,0.0007153908335944501
ATGGA,0.0005788567034316431
GTAGG,0.0005338756046775316
AGTCT,0.00045332007555880097
TTGAC,0.0003055005149993426
GCATG,9.264699598350167e-05
TTTAG,6.638029590249112e-05
CCGAC,-0.00017212672150685427
TCAGG,-0.00027764521966969875
TGTCC,-0.0004300237086135894
CACTC,-0.0004813618396615816
GAACA,-0.0004852823146610663
AAGCC,-0.0005455889635925696
AGACT,-0.0006738140296053004
AGGCA,-0.0009300153966428247
CGTGA,-0.0009411762379617855
CACCC,-0.0011738902650140796
CGAGA,-0.001401079525272559
CACTT,-0.001705483053644587
TGACC,-0.0018623777253266708
GGATC,-0.0018637648004699839
GATGC,-0.0018739427531080457
TCGTG,-0.002143064266300365
AGTCG,-0.0022270261034877466
ACAGT,-0.002250468241542859
TAGTG,-0.0026911388034932316
ACTCT,-0.002802872684939454
GTCTC,-0.002853326531855957
CCACC,-0.0029201855116403426
ACTTT,-0.00305213008955535
ACCCC,-0.0031107711962101107
CATGG,-0.0032427458552184043
AAGTT,-0.003335561960314712
AGAAC,-0.003339919566496974
AACCG,-0.0035263159561085785
GCTAG,-0.0036424577599391346
ACCAG,-0.0038342049769774264
AAGGT,-0.004162048985017463
GCAAC,-0.004337897730153909
TGCAA,-0.004348708488001132
ACGGT,-0.004413357262123138
ACTCC,-0.004709864870217517
CCACT,-0.004773145339840172
AGATG,-0.004856370028172587
TTAGT,-0.005279556986613152
GCTCA,-0.005343683680073113
ACAGG,-0.005482361755437321
CTCAC,-0.005570172629452178
TTCCA,-0.005705198683770177
TGCAT,-0.005728881873262974
TGAAC,-0.005823069231377707
GAACG,-0.006126054077972903
TTGAA,-0.006195586754370536
AGTAG,-0.006251237162106325
TTTTA,-0.006374226924666065
TTTAC,-0.006554526287234492
AGCAA,-0.006666165775545745
ACAGC,-0.006672424131407688
AGGTC,-0.006693790323093287
AAGAA,-0.006811953606804656
AGACC,-0.007125227380860246
CAAGC,-0.007443981713111527
TCAGC,-0.007555298282522557
TGGTA,-0.007623374257953121
GACTC,-0.007712078676278512
TACTG,-0.0078072754409053
GATTT,-0.00793376458349867
AAGAC,-0.007950201846176275
TTACT,-0.008327655105898946
CACAG,-0.00872520976090796
AGCAC,-0.009062162535840626
TAGGA,-0.009072313729880583
TGATG,-0.00949962663774689
GTCAC,-0.009736197467243888
GTAGA,-0.009782158010960397
CCTCA,-0.009918578379030261
CGTTC,-0.010029869402448337
ACCTC,-0.010036195452148849
AGCCA,-0.010112324721498407
CTCCA,-0.010210245189278624
TCCCA,-0.010348754604754283
TTGTA,-0.010683382272153444
AACAG,-0.010796193910279759
AAGGG,-0.01098066023818293
AAGAG,-0.01102260047176646
TAAAA,-0.011149777056804547
CGTCT,-0.011265246415636143
ATTTG,-0.011582747763587219
TTTCG,-0.011863376513550369
CGACC,-0.01191851167332674
GGTAT,-0.012181759576656315
CCGAA,-0.012260561733920542
CTGTA,-0.012339669533650436
ACCTT,-0.012406875796261289
CGTCA,-0.012909008738010971
CGCAA,-0.013376384952238628
CTTCA,-0.013473148859338835
AGGAT,-0.013778163537221111
CACGT,-0.013911194493373236
AACTT,-0.014248929935343125
CTAGG,-0.014495118445483967
AAAGC,-0.01471888068736645
GGTCA,-0.01482167498418881
GCACA,-0.014997427155894619
CGCAT,-0.015103165718120716
ACAGA,-0.0151354832023943
TCACT,-0.015512770151649162
GCATT,-0.015568389334217754
CAAGG,-0.015590648286057806
CATTT,-0.016029529484069865
CACAC,-0.016315702115163772
CAAGT,-0.01673700263735229
GAGAT,-0.016779049914330244
ATTTC,-0.01680065551723175
ACGTT,-0.016822591342144845
CCAAG,-0.016825713265570814
CTTTA,-0.01682766369943108
AGATT,-0.01697233542561149
AGGTA,-0.017110113051509664
GACCA,-0.017329313807189464
GAGTA,-0.01736823163040343
TCTCA,-0.017498685945482817
AAGGC,-0.017595014286824084
CACCT,-0.017662080483029734
ACCCT,-0.0176796724582778
CAAAG,-0.017995123318436307
AGAAA,-0.01813119934359042
GTGAT,-0.018285831364158255
ACGTC,-0.018597960580761234
TACAG,-0.018680312870829194
ACAAG,-0.018708660163752295
TCACG,-0.018770000142166794
GAATT,-0.0187872945601421
TCCGA,-0.0187879852884773
GTTCA,-0.01879961853290894
GTATA,-0.01880838689554868
TAGCG,-0.018950996650907565
TCTCG,-0.0190645147815289
GGCAT,-0.019086758436068246
CAGAT,-0.019138467148074816
AGACA,-0.019156829478325928
TCCAC,-0.019291340141589272
GTTTA,-0.01931055860321333
TCGCA,-0.01964395667484496
GTCCA,-0.020361719111478407
TTTAT,-0.020691635860613997
TAGGT,-0.020896183057247025
GACAC,-0.021626183443725848
AAGTC,-0.021628206267284796
ACTCA,-0.021688307579694633
GTGTA,-0.021741666444749744
AACCC,-0.02185887337113038
GCAAA,-0.021867115184244126
GGCTA,-0.02188978813027438
AGAAT,-0.022043208321039048
GACGA,-0.022059375105891378
GATCG,-0.022237394807267594
AGTTA,-0.02260772443479962
TGAAT,-0.022897792474383064
TGTCA,-0.022991776404420048
CGTAG,-0.02316970430935423
ACGCA,-0.02318720828508958
ACACT,-0.023257155972311185
GATGA,-0.02331596624835865
TTCAC,-0.023368648795331726
CTGAT,-0.024086922608119878
ATTCT,-0.024253409955164663
CCTAT,-0.024289989614238342
GTTAG,-0.024627340422507298
TCATT,-0.02465639650721901
ATCTG,-0.02489888780095642
CTAGC,-0.02536819197583137
CGCTA,-0.025407821043497987
GTATT,-0.025652558421433876
TTATT,-0.025713669823538236
TTAGG,-0.02578404507853768
GTTAC,-0.025874374476261435
GCATC,-0.025908361980691554
GAAAA,-0.025930285420812046
ATTCC,-0.025935688976508872
AGTCA,-0.025967903240481233
GCTAC,-0.026070890632918342
TATTT,-0.026218810051949204
GATTC,-0.02681597167393193
ATGGT,-0.026981378224229923
TGAAA,-0.0269815466357301
TGCTA,-0.027197488937526944
AAACC,-0.027238530980405185
CGACT,-0.02741040263489327
CATGT,-0.02753783943309613
TTCAT,-0.027992259171761333
GCGAT,-0.027997252330476164
TTGAT,-0.0279976637091022
AACGG,-0.02812951646028803
ACTCG,-0.028245731662460707
ATTGT,-0.028271337232383134
CAACT,-0.028345351450417826
ACACA,-0.02837779003612954
CTCGT,-0.02866031782773252
AACCT,-0.028671131869778037
CGAAC,-0.028756640780539737
GCCAA,-0.028840670484073815
GCTTA,-0.029033368779346345
ACCCA,-0.029105182775035217
GGTAA,-0.02913184448772547
TAGCT,-0.0291994710748152
GGTTA,-0.029514700729162135
ACCGA,-0.029564603822185627
CATTG,-0.029778246929574953
TGATT,-0.029859526915332446
AATTT,-0.03001265242893362
CCACA,-0.03040850414343928
TAGAA,-0.030485648619942365
CCTAG,-0.030761573911559852
ATGTT,-0.030837306533402834
TAGGG,-0.030891581100323015
ACCGT,-0.030978359099891453
AGCAT,-0.031073766235365636
GATCC,-0.031204983263383976
CAAGA,-0.03151611109264195
GACAA,-0.031533375999564864
TGACA,-0.03162611258822014
TCACA,-0.031707354756725724
CTCAT,-0.03172100240613023
AGTAT,-0.0317647937759757
CATTC,-0.03183621854916441
CGGTA,-0.031892885206755074
TAGAG,-0.03195039475938738
CAACC,-0.03206947592480742
TAGGC,-0.03226530534698616
AATGG,-0.0324673719527955
ACGAG,-0.032517305854707954
ATGCA,-0.0325254529919021
TCACC,-0.033021157237339706
AAAGT,-0.03331443028741474
ATCGC,-0.03333697980097323
ATTGC,-0.03362128151760948
TTAGA,-0.033811284713738135
ATGCT,-0.0340502787000415
TATAG,-0.03415393211518324
CCATG,-0.03418223576402912
GCCTA,-0.03425899411179125
GCTAT,-0.03443858408116562
AAAAG,-0.03450421385165431
ACAAC,-0.034553355732242816
AAAGA,-0.03458413501109755
ATGAG,-0.034904301530965
CAGTA,-0.03491331719394241
CCAAC,-0.03513168189755601
GAATC,-0.035416821527141554
AATGT,-0.03557408417537048
GCCAT,-0.035581943304249034
TGTAT,-0.03564545955871128
GGTAC,-0.036343211371262195
AAAAC,-0.03641594178550462
AAAGG,-0.0368216262391323
GTATG,-0.03689280854345396
AAGTA,-0.036959428447880784
GAAAT,-0.03700357324384626
AGATC,-0.03764325173423541
AACCA,-0.03769959869137143
GTACT,-0.037798567676218225
TCGTC,-0.03780283256290624
ACCAA,-0.03801451468607411
CTACT,-0.038049092688597734
ATCCT,-0.038320173784666275
CCCAA,-0.038827915645616
TAGCA,-0.03883751271111863
CATCC,-0.03927017640255924
CGTTA,-0.039598007169975476
CTAGT,-0.039711976350814686
TTCTA,-0.04009710381064435
TAGCC,-0.04037946575321257
CCCAT,-0.04044220680832574
AAACT,-0.0404753667788787
CAACA,-0.040534010309682685
ATGCG,-0.04059886026873507
TACGG,-0.040623656484122216
CGATG,-0.04068471307343826
CACCA,-0.040724037639444044
ACATG,-0.04082039059248081
CACAA,-0.040869093313813214
AACAC,-0.0411557755010679
AGCTA,-0.041528401599886515
TTACC,-0.04174401255246873
CTTAT,-0.041826517032459376
CATGC,-0.04186091210256826
CCATT,-0.04189286191187995
ATGTC,-0.0419976451502104
ATCCG,-0.042287727356888356
TCGAG,-0.04265826432300466
TGTTA,-0.042661468280479314
GTAAG,-0.04273213200454771
TACCT,-0.04304475401165999
ACACC,-0.04307735089348474
TATTG,-0.04328229894604663
TACGC,-0.04328984941410668
ACCAC,-0.043378640696205
CTTAG,-0.043555997698708916
AATTC,-0.043647824245136836
CTCTA,-0.043702951187340466
TTCGT,-0.043781534063940246
CCAAA,-0.04390632917456256
TACTC,-0.04408818732035604
AAACA,-0.044117840711620795
AAATA,-0.04442838688284673
CAAAC,-0.044498801320058075
AACTC,-0.044598421453438855
TATGG,-0.044741041724090325
TACTT,-0.044783198634664026
CACAT,-0.044984431363191905
CAAAA,-0.045276080664768015
TGATA,-0.04532802975575986
ATCCC,-0.04574989655859068
ATCAG,-0.04580420562909044
AATTG,-0.045883460037875926
GTCGA,-0.04620605431186656
GTTAT,-0.04636473764354984
CATAA,-0.0464071375473092
CTAGA,-0.04643634022550954
GATAT,-0.046475487660616634
CTTAC,-0.04681413942474689
GCGTA,-0.04715214221444177
CATCT,-0.04775543383639619
ATTCG,-0.047828211284553016
ACATT,-0.04803021698094466
ATGCC,-0.048126813961983955
TAGTC,-0.04814331202069297
TGTAA,-0.048267876383227604
TATTC,-0.04868299764915345
CCGAT,-0.04895738853429932
GATCA,-0.04967995450751914
AAGAT,-0.04968279312578503
CCATC,-0.04979537571873516
AAACG,-0.050001046296137455
GATCT,-0.050175381597187936
TCAAG,-0.050175457529124175
ATTCA,-0.05079916833511864
TAAGC,-0.05108790507121962
AATCT,-0.05125104763375765
GCATA,-0.05150758832169231
CTACC,-0.051531352600957966
ATCGG,-0.051687005309517996
ATAGT,-0.05172875164272754
GTACC,-0.05178075968829352
TCAAA,-0.05186460761933763
TTCAA,-0.05192359074135311
TCCAA,-0.052216189047105094
AAAAA,-0.05236974713392556
ATCTT,-0.052418316288508085
GTCAT,-0.05255389223877294
TTACA,-0.05272978126053132
TTAGC,-0.053176250220276416
AAATG,-0.05321330141505577
ACACG,-0.05323097034496196
TCGAC,-0.05327459440256158
TTATG,-0.05343000921307177
CTACG,-0.053479734219689955
AACAA,-0.05350629809065996
ATCTC,-0.05385385131789976
GGATA,-0.053865116972438225
AATGC,-0.054153516284271105
TCTTA,-0.054243369860684176
GACAT,-0.05426547502345861
CTATT,-0.054293392192986276
CATCA,-0.054388012314877034
ATTTA,-0.05445467690616602
TGTAC,-0.05466389758512378
TCATG,-0.05525559631205397
CCCTA,-0.05562296608382816
CAACG,-0.0558237733725797
AATGA,-0.05587239272664396
ATAAG,-0.05587549704068806
CTCAA,-0.05617875968292355
CATGA,-0.0562237233909614
TCTAG,-0.05649002720254348
CGACA,-0.056831028034480716
CAATT,-0.0572025669622235
ATATG,-0.057205880200490354
CCTAC,-0.05733946101119121
CCGTA,-0.05751678445215883
TAAAT,-0.05759501751316221
TATGA,-0.05773258188428978
TACCG,-0.05778797431183713
TGATC,-0.057982070684771646
AATCC,-0.05803161392391506
TATGT,-0.05865293400490593
ACTTA,-0.05876364743026595
TAAGG,-0.058935043220854785
AGTAA,-0.0594719500128864
CTACA,-0.0595883966585847
TCTAT,-0.05973188103331874
TCAAC,-0.06028183151772896
ATTAC,-0.060561204783928894
TCATA,-0.06110240472480655
ATTGA,-0.0611217800131999
TATGC,-0.06119208442837452
TCCAT,-0.06165187253029889
TCCTA,-0.06168259488520761
TTTAA,-0.06211970302212084
TATAC,-0.062129405835786695
ACAAA,-0.0624490180560811
ATGAA,-0.06286873554603921
TAAGT,-0.06307867585370938
TCATC,-0.06352001738178169
CTATG,-0.0635398444697954
GTCAA,-0.06371234984789044
GTACA,-0.06374517754385514
GTAAC,-0.06381201255135238
TAAAG,-0.06429185496405962
ATGAC,-0.06454086151330712
TACAA,-0.06466831447453135
CCTTA,-0.06493039446047924
TTAAG,-0.06562206843190573
GTAAA,-0.06603095604744004
ATACT,-0.06628267313539982
ATCCA,-0.06629292439902201
TAGAC,-0.06644175429429326
TAATT,-0.06692138820354428
TCTAA,-0.06693986387202336
GATAA,-0.06701381240534235
CTAAG,-0.06758920189946196
GCAAT,-0.06767769573801538
AACGT,-0.06772159582469613
ATACA,-0.06781405043931535
AGTAC,-0.06793803326164682
GCTAA,-0.06798156465921137
GATTA,-0.06812169640883804
ATAAC,-0.06859257221221923
TACCC,-0.06863772434351796
ATTAG,-0.06875343476200388
TAACA,-0.06898822249336677
TTAAT,-0.06932584886089899
CATAG,-0.06950787309500756
TATCA,-0.06954947441284146
TCTAC,-0.06958039580967348
ATCAC,-0.07020268692024823
ACTAG,-0.07044574913145465
TTACG,-0.07052155880050527
TACCA,-0.07081976354122162
CTTAA,-0.0709717090732672
TAAAC,-0.07097227185964584
ACGAA,-0.07117585451120421
AATAT,-0.0713465934342428
CGAAA,-0.07152600268918005
AACAT,-0.07197446356500115
ATTAT,-0.07221743973807014
CATTA,-0.07228232498645135
TTAAC,-0.07244129043015443
TAACT,-0.07294032397398423
ATATT,-0.07336357643653173
TTATC,-0.07391514300102633
ATAGG,-0.07396131167454378
TAACC,-0.07443426704566394
ATTAA,-0.07505857856303919
GACTA,-0.07538039419613779
GAATA,-0.07541791561127799
CTCGA,-0.07589927233650157
TAAGA,-0.07608777490710573
AATTA,-0.07645323162863928
CGATT,-0.07652920784428716
AATCA,-0.0766368210137366
TATTA,-0.07672696450608783
TTCGA,-0.07726731937751175
TACAC,-0.0777808537050031
CGATC,-0.07799287044035737
ATAGC,-0.07813791356292431
ACATC,-0.07830688503163401
ACTAT,-0.07834567922082815
CTAAC,-0.07849450233791555
ACAAT,-0.07853772315767503
GATAG,-0.07934015604063265
AAATT,-0.07948701556454947
TATCT,-0.0798817624161775
CCTAA,-0.0800984532184278
TAGAT,-0.08026728001573392
ATCAT,-0.08051147470250726
ATGTA,-0.08094266846892424
AAAAT,-0.08126354436545323
CATAT,-0.0816823779472283
AGATA,-0.08175522199463706
GTACG,-0.08179343005176633
CACGA,-0.08196126577924147
CGTAC,-0.08249683866742999
CATCG,-0.0826492179769936
TAATG,-0.08303532827369592
ATCAA,-0.08307304452173411
TAATC,-0.08373116332466805
CAATG,-0.0838128657080233
CTAAT,-0.0846257947012782
AATAA,-0.08504820137794288
AACGA,-0.08510902035567496
ACCTA,-0.08535251155859087
GTAAT,-0.08550487468019127
TTAAA,-0.08576545276535819
ACGAC,-0.08638921705778779
GTTAA,-0.08665187612830384
TATCC,-0.08724364765498432
AATAG,-0.0877573895721218
ATAGA,-0.0883335070963949
CTATC,-0.0883376097979231
ATAAT,-0.08874455437202144
TAGTA,-0.08900477959272954
ATGAT,-0.08911242669241295
AATAC,-0.08920841604315986
ACATA,-0.08939983810091184
CATAC,-0.08992959605840345
ACTAC,-0.09008476234868996
GTATC,-0.0902850294408078
TACTA,-0.09111594500902452
CACTA,-0.09152754013602798
AACTA,-0.09166342994318374
GATAC,-0.09228137675314568
CCATA,-0.09371275392671426
CAATC,-0.09529351778550163
CGTAA,-0.09698975540697576
CTAAA,-0.09724324968679307
ACCAT,-0.09865008208168936
ATCGA,-0.0994236570224166
CAAAT,-0.09953197246093465
TATCG,-0.10039781185869988
GTCTA,-0.10178832473543784
ATACC,-0.10190758284181357
TAATA,-0.10362622593731984
AAATC,-0.10478554527190599
TAACG,-0.10544389226241038
ACGTA,-0.10660001113030472
TCGTA,-0.10680150606979927
ACTAA,-0.10831744969667247
TCAAT,-0.10931057939478368
ATATC,-0.1094038703944534
TACGT,-0.11245730632916093
ATACG,-0.11558110145005314
CGAAT,-0.11574086657186088
CCAAT,-0.11595179817834218
TACAT,-0.11623201411667056
AATCG,-0.11825219364091755
ATCTA,-0.1201481707639208
ACGAT,-0.12869249610230327
ATCGT,-0.13049567792913877
CGTAT,-0.13468795459574232
CAATA,-0.13682619887590408
TCGAT,-0.1403128776868636
TCGAA,-0.14040656401530693
CGATA,-0.1586857325651429
TACGA,-0.192497561344256
