kmer,avg_score
GGCTG,0.06518249658582403
GCTGG,0.06349649037429608
GCTGC,0.061712928813416466
TTTCC,0.061394820437814655
CTGCT,0.06095565539201036
CTTCC,0.05841277857112315
TTCCG,0.05808005400748403
TTCCT,0.05739521470759855
TGCTG,0.056603480200314124
GGGAG,0.05547983567779234
TTTCT,0.05511208996174717
AGCTG,0.05440439401624469
TGGCT,0.054246746460035626
TTCCC,0.05294506447771306
CTGGC,0.05286024427930595
CTTTT,0.052344241137158555
CGGAG,0.05135967356456823
GGGCT,0.050781043133874715
TGCTT,0.05013959155894433
TTGCT,0.04987411278686123
CTGGG,0.04973461797751522
GGAGG,0.0494563964090429
CGCTG,0.04801645153384847
GCGGA,0.047722100876627524
CTGCG,0.04742400904754719
GGAGC,0.04678679076049522
CTTTC,0.04667996057812267
CTGCC,0.045960110425915954
CAGAG,0.045943965212006894
GGTGG,0.045579841814304425
GGCTT,0.04555002819681285
TGGGC,0.04537516627504989
GCTGA,0.04505977742770306
GGCGG,0.04498309739819211
TTTTT,0.04487940096834852
TGGAG,0.044812841779588025
TGGGA,0.04468229600474664
TGGGG,0.04366887923573554
CAGTT,0.043551763326442894
GCCGG,0.04339482171395394
GGCAG,0.04323951183492451
CTGAG,0.0425987800287832
TTTTC,0.04225159419635499
GCCTG,0.04214846987661776
GAGAG,0.042135827498976146
AGTGG,0.04179869789059173
CGGGA,0.041479322930868374
TGGCG,0.04142477520801356
GGGGA,0.0413630033566845
GAGCT,0.04122621550578957
AGAGA,0.040941288039203196
CTGGA,0.04090061389962361
TGTGG,0.04089393557845417
TGCGG,0.040752308137577735
TTTTG,0.04046422506485454
GGGGG,0.04036211615632594
GTGGG,0.04036004536888372
CTGCA,0.04028797249424534
TTGGC,0.0401560781535729
GAGGG,0.04011007609376974
GTGGC,0.03997109906526061
GCTTG,0.03995443073799834
CAGCT,0.039886341731228944
CTTGG,0.03985526231198685
TTCTT,0.039703270726672506
GCTTT,0.039570974986695436
CCTTT,0.039510501307558045
TGCCT,0.03938675669301967
TGGCA,0.03915998688160518
TGGTG,0.03880310988300148
CGGCT,0.03853955214423881
CTTCT,0.038480151041407624
TTGGG,0.03835946251935924
GCGGG,0.03818191244405954
GGAGA,0.038097974991475395
TGCCG,0.03741656466566228
AGCGG,0.037174518081301997
GGGTG,0.03690251990203603
GCAGC,0.03655230703012711
CTATA,0.03651165436791156
CTGGT,0.03646430644608068
GCTTC,0.03639134225369207
AGCAG,0.036077003135963945
GAGGC,0.03605638523486465
AGGCT,0.03603115051647525
CGGGG,0.035948470277717234
GCGCT,0.03583879101936186
GCAGG,0.03574533937350825
CCAGA,0.035663492643173964
GGGGC,0.035617848074752226
AGGGA,0.035559527178315876
GAGCG,0.03553911274212913
CCTGC,0.03546746300830828
TGCGC,0.03523376995351987
GCTGT,0.03520710702302239
CAGTG,0.035095576092817805
TTTGG,0.03504251722788973
TGCAG,0.03485826898518673
CTGTG,0.03461515246507981
TTCTG,0.034600197544205
CCTGG,0.03451743288100315
GAGGA,0.03423003125352349
CCGGG,0.034208522913603635
TCTTT,0.03401819027551993
GTTGG,0.03387750873301264
AGAGC,0.033616949279867414
AGGTG,0.03355026855628617
CCAGT,0.03327562971754468
CCCAG,0.03311171913767903
TTTGC,0.03294427524755641
TTTGT,0.03287278192440378
AGAGG,0.0328405286949135
CCGGA,0.032818225835404925
CTCTT,0.032629382849297665
GAGTG,0.032538970433318465
GTGGA,0.03233972505883098
GGCCT,0.032281435985626654
CTTGC,0.032127231196683405
AGGAG,0.0320702316823765
TATAA,0.032020426371147756
ATTTT,0.03190545117835907
GCAGA,0.031236871505599742
GGGCG,0.031152721751852314
AGGCG,0.031042057596119034
CTCTG,0.03095914955787183
TTGTT,0.030954981123324527
AGTTT,0.030719738914248867
GCAGT,0.030449659447292773
CCGCT,0.030328824146589637
CTCAG,0.030291672957198285
AGCCG,0.03027055128898294
TCCGG,0.030247124307405646
GAGCC,0.030222111616754865
GGTTG,0.030214158214029473
GGTGC,0.03008538575745001
TGGCC,0.030061373943419636
TCCTT,0.02987591955598974
CCCTT,0.029750771395192173
GGCCG,0.029737557607150092
TGTTT,0.02969795819358266
GCCTT,0.02939076754988417
TGAGG,0.02898686515647824
CAGCA,0.028685444302829866
CTCCT,0.028607192680816004
GGGAA,0.028590072403553705
TGGGT,0.028544233368363967
GGAGT,0.028272280374870857
CGCTT,0.028174425637140253
CGGTG,0.02816777880679089
CGCAG,0.027936191897681057
GTTGC,0.027830878808827682
GGAAG,0.02759171081940063
AGCCT,0.027525051530720344
TCCCT,0.027444435698585453
GGGGT,0.02719674365072385
TGTTG,0.02698618646676946
CTTTG,0.026737972332608877
CGGGC,0.026385635824332777
TGGTT,0.026283412289706543
GCTCC,0.026258934645681405
AGGGG,0.02618885573134331
CATTT,0.026143669344416157
GAGCA,0.02610669028108938
CTCCG,0.026096936520858517
CCGGC,0.02601333566588361
CAGGC,0.025812024281946254
GAGAA,0.02579470755679047
TTGCG,0.02579283625783227
TTGGA,0.025791739738123733
AGTTG,0.025765392002769574
CAGCC,0.025731053274310994
AGCTT,0.025690149083634362
GTGCT,0.025675944411680876
CTCCC,0.02566383754107431
GCGGT,0.025597564741689376
TAGTT,0.025499959800869137
TCCTG,0.025489730630079838
GGGTT,0.025446291792458435
GCGGC,0.025411304072200554
CCTTC,0.025397285449594853
CAGGG,0.025371648994739954
GGGCA,0.025313738610319294
CGGCA,0.02504044001113516
GGTGA,0.02491114781404937
TGCTC,0.02473376149291797
GCCAG,0.02468283041372362
CCCTG,0.02459513947288868
TTGGT,0.02459088813441614
TGAGA,0.02456093723311954
GAGGT,0.02435494685409982
CAGTC,0.024278421834326134
AGAAG,0.024254334035395703
CCAGC,0.024186593679090478
GAAGA,0.024089101601703616
CACTT,0.02407343997840057
TTCCA,0.02380295076025346
CCCGG,0.023707214471568573
CAGCG,0.023567434331340197
TGAGC,0.023490504572385787
GGCGC,0.023313210313798027
GGCTC,0.02287823986677598
GCCCT,0.022857277425721044
GAAGC,0.022666885927862142
GTGGT,0.022073247646011235
TGGAA,0.022006560250505736
CGCCT,0.021915612408925606
TTGCC,0.021828346550028074
TCCCG,0.021784556669553472
CCTTG,0.021661527568539896
AGTGC,0.021656540968681772
CTGTT,0.02163852452572933
GCTCT,0.021618322986324948
TGCCC,0.021486626733207902
GTGCG,0.021003416964530803
GCGAG,0.020998566170405072
ATTTC,0.020920542548063824
GGGCC,0.020575952130459325
AGGAA,0.020423396476509516
CGGGT,0.020283857886705798
AGCGC,0.020261249037954586
TTTCA,0.019791792072658618
AGGGC,0.01968444949773168
CGGTT,0.019560621934978394
AGGCA,0.019468481769752292
TTATA,0.019242659303343443
CAGAC,0.01922435179730356
TCAGA,0.0191547540835779
GATGG,0.019104706851506163
CCGGT,0.019063460815601944
GCCGC,0.018862255994584163
AGAGT,0.01883422642858932
TCAGT,0.01867286394529066
CGCGG,0.018645746616153216
ACTGC,0.018555791439786362
CGTGG,0.0184455950857715
TCTGG,0.018438479256366193
GCCCA,0.018299912768434984
CCGAG,0.017971098253945134
GCCCG,0.017964682095149193
TTGTG,0.01785351154669589
GTGAG,0.017649492178219896
AGACT,0.01731540243339421
TCTGC,0.017315326428482564
TCCGC,0.017171738065881074
TTGCA,0.017154622435019435
GGAAA,0.017074156418738825
GTTTT,0.017066849291181005
CCTCT,0.016815711892801725
TTCAG,0.016680348965968796
CGGCG,0.01656374493598091
CCAGG,0.0164765166413894
AGCCC,0.01646558206942947
GAGTT,0.016093998783331842
GTTCC,0.016062515568383545
GCGTG,0.016009439827669312
TTTTA,0.015716387828139517
CCGCA,0.015524681277284716
AGTCC,0.015461131203125603
AGGGT,0.015252840701665677
GACTT,0.015144989895690866
TTCTC,0.015132716275036323
TTAGT,0.015072619059952932
GTTTG,0.015065046752909742
CCTCC,0.014958557487118792
TCTCT,0.014911584530574567
GACTG,0.014821314058724382
CAGGA,0.014747919217701234
GGATG,0.014716025394356033
CACTG,0.014696033851150744
TTGAG,0.014693849166323455
TCCAG,0.014462167289585399
CAGAA,0.014446767709568232
GCGCA,0.014337691585068826
CGAGA,0.014270601517624451
GCCTC,0.013887934285515156
GTGTG,0.013747530228033067
GTTTC,0.013733358810565846
AGGCC,0.013424174732861607
AAGCT,0.013318241799502478
TGTGT,0.013289422202336741
GTTGT,0.01324949301604353
CCCGC,0.013116794799846584
GGTTT,0.01302764070010744
CCTGT,0.01287275192716966
TCCCC,0.012674812170635548
GTGCA,0.01257392831651708
AGTCT,0.0125603334200566
CACAG,0.012407557807614945
CGAGC,0.012251740950517053
GCTCA,0.01223679384465826
GCCGA,0.012071340318428433
ACTGG,0.012000499864143957
TCCCA,0.011889920592509005
GAAGT,0.011843910840239807
TTCGC,0.011689749657543684
GGTGT,0.01164465459785788
CGGAA,0.011638174693560387
CTTGT,0.011225340293059428
TGCCA,0.01116551260233638
CAGGT,0.011155569130985466
CCCCT,0.010929140933455471
CGAGG,0.010915242254295326
GAGAC,0.010744456058959118
GTGCC,0.010627181892939612
AGTGT,0.010523002247356592
CGTGC,0.010268605793033514
GCGCG,0.010108953370416281
AGCAA,0.009870911804015293
TGTCT,0.009655063439473649
AGCCA,0.009049483541073176
TGACT,0.00882561010543677
AGTGA,0.008809841440233867
CCTGA,0.008745565945859549
GGGAC,0.008744898860840995
AGATT,0.008677074243165314
CTCGG,0.008451270350721978
GAAGG,0.008330030858746597
CGGCC,0.008281880306329934
CGCGC,0.008190980760337382
TGCGT,0.008143913234547457
AGAAA,0.00806977345720666
GCTCG,0.007999018362845943
GGCCC,0.00794450927492817
GGCGT,0.007841340216273847
TGCGA,0.007669712503767631
GTCCC,0.00765711953857034
CGCCG,0.007626954820078748
CCACT,0.007453027700735654
TGTGC,0.007129216129370654
GGCGA,0.0071179119600796375
GTGTT,0.00705061321090305
CTGAC,0.007014334800987854
ACTTG,0.006789763672326869
TGGAC,0.006760596719413414
GCACT,0.006730309107233017
GGTCC,0.006685001261012359
TCGGG,0.006619197411854541
TGAGT,0.006380199252816965
ATTCC,0.006250748780245581
GCGCC,0.006093728759468774
TCTTC,0.00604292462370035
GCCGT,0.006006418391492639
AGCTC,0.005841192002391925
CCGTT,0.005799213375541425
CTCCA,0.0057774448371356955
ACAGA,0.005757628840459097
AAGCA,0.005735547161368979
GGACG,0.005401022378442852
ACTGA,0.005397314766933528
CCGCC,0.005304395548169491
CGTTG,0.0052355578180955055
ACTTC,0.005147213341383746
CTGTC,0.004812683363844319
CTCTC,0.0047392059606625354
GCAAG,0.004725852664014157
AGACA,0.004526422426348453
CTTCA,0.0045043534026358665
CCCCA,0.00440765164417617
CCCTC,0.004393861395721232
AGCGA,0.004254455230572299
CTTGA,0.004226084230227254
CCTCA,0.004196602457482314
CGCTC,0.004177786587201037
CGGAC,0.004154416538269105
AGATG,0.003938765501725252
CGTTT,0.0039018172895539773
GTCTG,0.0037704892668492807
CTTTA,0.003672390954119952
CCGCG,0.0035404589251936394
GACGG,0.0035159134521251852
ATGGA,0.0035108884875710627
GGACT,0.0033765703292882006
GAAAG,0.003316389762564308
ACTTT,0.003045097593567334
CGCCC,0.0029527535970524585
GACGC,0.0026265773111761714
AAGGA,0.002558300458205584
ACAGC,0.0024730494545996433
AAGAG,0.002186674980252671
GACAG,0.0021075310795932944
TATTT,0.0009489465224760356
TCTTG,0.0007709406509328792
TCGCT,0.0007504013107641586
CCCAC,0.0005649419992436893
TTTAT,0.0005300787393935026
GGCAA,0.00048802744219093424
AGTTC,0.0004664276164288011
GGCCA,0.0002523711430685317
CAGAT,0.00021531267534712626
AAGAA,0.0001825849415278451
CCGTG,7.220272507563775e-05
GCCCC,-5.668273524938106e-05
TTTAG,-7.480277657328596e-05
CTCGC,-0.00014319164464169425
GGACC,-0.00022827026077541613
TGCAC,-0.00045882762710318967
TCCTC,-0.0006888734029705123
GCATT,-0.00070472577347171
GTTGA,-0.0007251964360303078
CTGAA,-0.0008831844671779742
GGGAT,-0.0009233279855156285
TCTGT,-0.0010370338353127386
CCCCG,-0.001099464511445089
GTCCT,-0.0011363611225150587
TTTGA,-0.001353720185414369
GAGAT,-0.0016624229805640184
GCTAG,-0.0017718141198274679
ACTCT,-0.0019801775653887133
TTGTC,-0.0020495998088325214
GATTT,-0.0021586185800370524
AAGTG,-0.002171915494072891
GGGTC,-0.0021885683703725656
ACTCC,-0.0022624078727109097
TTACT,-0.0023938137533289173
GGATT,-0.0024824460501894096
TGACG,-0.002524653628643136
TTCGG,-0.0027713127924861116
ATTCT,-0.0032036781515183766
ACCGG,-0.0032240473269720335
TGGTC,-0.0032592553497140715
CACTC,-0.0034011679955195484
GAAAA,-0.0036479609927078443
TCAGC,-0.0036745460859011966
AAGCC,-0.003966010502200786
AGACC,-0.004057737634051957
ATGGC,-0.0043259588652916296
CTTCG,-0.0043603217913187105
TGGAT,-0.0043883056795868255
GCACA,-0.004613793550149327
CGAGT,-0.004654674150586333
AAGCG,-0.004676716765457875
AGGTT,-0.004679295709178008
GAGTC,-0.004908528486210083
CACCT,-0.004941302785817733
TCACT,-0.005028141865729348
CTAGT,-0.005154573429814156
TATAT,-0.005232888865359728
TCTCC,-0.005452832619103318
AGGAC,-0.005507798750290074
GACCT,-0.0055369853978121004
ACCCA,-0.0055936495683316465
TGCAA,-0.005689996156128652
ACCTG,-0.00573941395398814
GGTTC,-0.005813102167102191
CACGC,-0.005892184250340064
GCGTT,-0.006012760833982611
GACCG,-0.006043721069870796
ACGCG,-0.006104927562672499
AGCGT,-0.006191522132452656
CTGAT,-0.00622079271731261
GGCAC,-0.0062396622482482735
GTGAC,-0.006415460391683694
GTCAG,-0.006545788456493201
TAGCT,-0.006826815985444161
TCTGA,-0.0070836168474351004
GATTG,-0.007176057865104541
TGCAT,-0.007202376460460167
GTCCG,-0.007414422424174587
ACTGT,-0.007505700031027157
ATGGG,-0.0075326077023971025
GTCGG,-0.007577613614388568
TGTGA,-0.007610481515709129
ACGCT,-0.007662046904941371
GCATG,-0.007665520277625529
CCCGA,-0.007836432967515065
ACCAG,-0.007971900221751708
CGCAC,-0.008140148225783891
GCACG,-0.008274114136821383
CTAGA,-0.008359213530058985
GACCC,-0.008438655690140446
AGCAC,-0.008479923363246895
AGTAG,-0.008785967731369616
CCATT,-0.009006741820242798
GGACA,-0.009085798270626916
GTTCT,-0.009260363209386576
GGAAC,-0.009379702790668722
AGTCG,-0.009434239746611143
TGCTA,-0.009577857928075403
AGACG,-0.009618550364781792
ACAGT,-0.009753268670822266
CACCC,-0.009937647193308863
GTCTT,-0.009954195808645833
AGCTA,-0.009989503146854178
TGTCC,-0.010037980633946973
CGCGA,-0.010082890892094425
GGAAT,-0.010137025965113108
GAATG,-0.010286036757480663
GCACC,-0.010330191764151437
TGAAG,-0.010371652323848075
AGGAT,-0.010384126106573207
AAGGT,-0.010464050353504718
CTAGC,-0.010496081397196605
GGTCT,-0.010660124385518069
CTCAC,-0.011028284535429391
AAGTT,-0.011037911726184358
CAGTA,-0.011076377774089841
CAAGA,-0.011212737840001605
TCGGA,-0.011535054052297329
CGGAT,-0.011795889641902766
GACGT,-0.011818352001226193
TCAGG,-0.01200605081847793
TAGTG,-0.012084832574743945
ACGTG,-0.012129831214557059
GAATT,-0.01215965922944428
GAAAT,-0.012366681156813034
ACCTT,-0.012429420693245317
GTAGT,-0.01279138829707703
AACTT,-0.012905125255792346
TCGGC,-0.013080346126851446
AAGGC,-0.013113683309595954
ACAGG,-0.013251143566872327
CATTC,-0.01332297165398345
ACGCA,-0.01332943063302082
AACTG,-0.013469016144517808
AAGAT,-0.013506470548057476
ATTGG,-0.01368227294716816
CATGG,-0.013743586118662632
ATAAA,-0.014412405499151779
CAATT,-0.01444104394738263
ACCCT,-0.014466235069386265
AAAGC,-0.014492565177539152
ACGGA,-0.014515032444161349
TGACA,-0.014621869807845904
GTGTC,-0.014680414108847295
AATTT,-0.014729942828875431
TACTG,-0.014901998948085178
GACTC,-0.014917539769883288
AAGGG,-0.014947920915780772
CAAGG,-0.015221701943355197
TGACC,-0.015312216630739454
CCTCG,-0.015379771749245033
CGCCA,-0.015444163680209452
GAACT,-0.015461428939765641
CGGTC,-0.015495212972800126
CAAGC,-0.01561057616911922
ACTCA,-0.015705266107425078
CCTAG,-0.01578832352565686
CTAGG,-0.016021489415834367
TTATT,-0.016156035877087454
AGTCA,-0.016616021151420204
TCATT,-0.016740647424566782
AGGTC,-0.016925954187004096
TCCGT,-0.01702485285250904
GGTAG,-0.017167220138523183
TTGAC,-0.01724453867318516
GCTTA,-0.01724846319674985
GATGC,-0.017573898412364043
AAAGA,-0.017653233035920892
TTCAC,-0.017808856442973187
ACGGG,-0.01789138990706609
CCACA,-0.01855241948095847
CCACC,-0.01873519717089973
CGTGT,-0.01874921085746509
TGTCA,-0.018757122196672884
TGAAA,-0.018847588229850356
AAACT,-0.018886896569100725
CGCGT,-0.019300440684536943
ACCGC,-0.01940247757720991
CAAGT,-0.01951976498257639
CGCAT,-0.019529177893243273
GCCAC,-0.0195624509024492
GAGTA,-0.019655827435781245
GAACA,-0.019714752587580445
AAAAG,-0.019820099682266862
ACCCG,-0.0199149201103324
TAGAG,-0.019966228003172683
CCCCC,-0.019973372229704366
CACCA,-0.01997533566786869
GGTCA,-0.01999999214815269
CAAAG,-0.02008948121393999
TAGGG,-0.02010629686476369
CACGG,-0.02013152707469999
AGTTA,-0.02017773005286775
GATGA,-0.020280234900557616
ACGCC,-0.02032749721191067
GCAAA,-0.020440631216706116
GGCAT,-0.020519534910177436
TTTCG,-0.020591456808081905
TCGCC,-0.02065365277555988
GTCAC,-0.02088500035924402
CCCGT,-0.021006498069768845
TTGAA,-0.021031253590637733
ATTGT,-0.021129673954353414
GGTCG,-0.021165048690171342
CGTGA,-0.021222421707617203
AAAGT,-0.021272280549270692
TCTCA,-0.02150704843430396
CAACT,-0.021595745118087862
TAAAA,-0.022019782423444666
ACACT,-0.022183172175594207
GCCTA,-0.022450337960307175
GGCTA,-0.0225681080781401
CACGT,-0.02257321978888164
TGATT,-0.022793677330751404
TAGGA,-0.022842669383131176
GAACC,-0.022877452261138544
ACAAG,-0.02297055883552222
TCCAC,-0.023156578814247545
TGTTC,-0.023223651515581877
CCAAG,-0.023387676067559367
GTGAA,-0.02347755179039466
ATGCT,-0.023505746696579764
GATTC,-0.024167162437344597
ACGGC,-0.024195212528052224
AAGAC,-0.02430595352278841
TCGCA,-0.024356013679935132
GACCA,-0.02439288917300291
TTTAA,-0.02443038908237506
TAGGC,-0.024523921110858857
CATTG,-0.024651774224969957
TGTCG,-0.02495015055068176
TCCGA,-0.025055571996895395
GATGT,-0.025089399216680745
ATGTG,-0.025110245604078506
GTCCA,-0.025253711004182243
GTCGC,-0.025261830035849607
GTAGG,-0.02532888152908223
TGATG,-0.02558233185052467
TCACA,-0.025676031480913495
GAAAC,-0.025853481928217573
CCAAA,-0.026094281869539854
CACCG,-0.026143869793147156
TCGGT,-0.026600622023969272
TAGCC,-0.02662905039229372
AACAG,-0.026939140573021075
AAAGG,-0.026939935370052657
CCCAA,-0.026946353590823872
TACAG,-0.02696039166163515
GGGTA,-0.02709273803933248
GTTTA,-0.02715385285214657
GTCTC,-0.027305882421363926
AGAAC,-0.02732089705878025
CGTTC,-0.0273745904615345
CTACT,-0.027385968612798024
ACCCC,-0.027475566867152725
CTTAG,-0.027748993137202253
GTGAT,-0.028087974698417104
TGTAG,-0.02809235080888979
AGCAT,-0.02847267127233661
GCGAC,-0.028530039873207656
CTGTA,-0.02856297496676104
AGAAT,-0.02886213299404416
CGAAG,-0.029122758728148512
ACACA,-0.029423834604315528
TCGTT,-0.029466760565992445
ACCTC,-0.029605721912515502
GCCAA,-0.02976662663003524
CACAA,-0.030087976449979344
ATTTG,-0.030240345081168043
ACCAA,-0.030414903321070594
AAACA,-0.030884115658164752
ATGGT,-0.03120704215374038
GTATT,-0.03143344583046256
GCGAA,-0.0315034641224927
CGTCC,-0.03154658210815578
CCGTC,-0.03165340124245067
CGACT,-0.0316803439496674
CATGT,-0.03182680823562859
GCAAC,-0.031929001196526814
CTCAT,-0.032157588020743186
CATGC,-0.032170981243151806
AATGG,-0.032193667609700806
AAGTC,-0.03222651995216121
TCGCG,-0.03251632804455495
ACCGA,-0.03254203148253803
ATATA,-0.03281162197181059
AACAA,-0.032931193374337024
TTTAC,-0.03333233995156156
GTAGC,-0.03369656509941928
TAGCA,-0.03370124314261823
ATGCA,-0.03382590821455801
GCTAC,-0.03401613232797419
CACAC,-0.034064293276839915
TTCAT,-0.034075214732025245
GCGTC,-0.03425042021989019
TAGTC,-0.03438641483298852
AACCG,-0.034438685031467416
ATGAG,-0.03473688730170935
AACCT,-0.03510334671474993
GTTCA,-0.03552208478326228
AATTC,-0.03565769882271672
AACCA,-0.03625441384022398
CCCAT,-0.03641419603066832
ATTCA,-0.0364761310844915
TTCTA,-0.03648941911634555
GGATC,-0.03653734204798555
GATCC,-0.03676087751255881
CGCAA,-0.03708838351736111
TCACG,-0.03736675167245372
TGAAT,-0.03750553175673224
GTTCG,-0.03777332865527239
CAAAA,-0.03778885281732386
TAGGT,-0.03784214033328585
AACCC,-0.037984371279778245
GCCAT,-0.0382547856443464
GACAA,-0.03825737874722108
CCTAT,-0.038286439432219294
TGATA,-0.038498937049383855
ATGCG,-0.03871820617963253
GACAC,-0.038879909875758435
CGACG,-0.03900859640852933
TACTC,-0.039065589804940445
CCGAC,-0.03936639164001807
TTAGA,-0.03964281371995639
AGGTA,-0.039792020752934004
CCACG,-0.03984573933635583
TTGAT,-0.040188009173307365
AAGTA,-0.04059522950701649
TTAGG,-0.040985144214196634
CTCAA,-0.04099522403728527
ATTGC,-0.04108247128120462
GTAGA,-0.041129124849876145
CTCGT,-0.04125986359440363
ATCTG,-0.041404639477069294
CTCTA,-0.04142652134223563
CTATT,-0.04144886140189353
TCACC,-0.041507556149445554
AAACC,-0.04213502323042261
TTGTA,-0.042224086094748876
CGTCT,-0.042240212337653175
CGTCA,-0.04243134193418129
CCGAA,-0.04251120991482619
ACGGT,-0.04260088943361127
TGAAC,-0.04266067588566026
CCCTA,-0.04290799516859034
ATCCT,-0.042988202980797884
TTACA,-0.04303757752133214
TGGTA,-0.04316829569243755
AATTG,-0.04322382572921925
ATTGA,-0.04329816832660072
ACTCG,-0.04366887493358876
TCCAA,-0.04385180434673689
CCATG,-0.04389787295421896
ATCCC,-0.044024291049100016
AGATC,-0.04414826478063002
TACTT,-0.04438371188110837
AAAAC,-0.0444332242833847
TTAAA,-0.04443467887266217
GCTAT,-0.04459675954071749
TCTAG,-0.04460089396098507
CTTAC,-0.04469382444045461
GCTAA,-0.04476739433335347
ACGTT,-0.044963501292901734
ACTTA,-0.04519757447877459
CAACC,-0.045319402684066354
AATGT,-0.04554829317090406
GATCG,-0.04578451434843538
AACGC,-0.04598764654430044
ATGCC,-0.04600530861313168
AATGA,-0.04674098582282587
GTTAG,-0.04683157285598622
GAACG,-0.04689139862220097
ATGAA,-0.04694641040987335
ACCAC,-0.04703290335994491
CAACA,-0.0477098239869012
ACATT,-0.04835661606392415
TTCAA,-0.048411640355698185
CATCT,-0.048496371720518384
TACCT,-0.04867936738247173
ATCTT,-0.04885023326392433
CTTAA,-0.048876596074551346
CACAT,-0.04888042178885131
AGTAA,-0.048948641135404834
TAGAA,-0.049117762807166274
GTACT,-0.04943793115380686
ACATG,-0.04952889256000649
TTAGC,-0.04955397500928181
TATTG,-0.04974223489610675
ACTAG,-0.050008020717438983
AAATG,-0.05009167837383954
GATCT,-0.05023964754619748
ATCAG,-0.050278898825886646
ATGTC,-0.05050200918922201
CCAAC,-0.05091726923131121
AATGC,-0.05115280357270461
CGGTA,-0.05118749818523481
TAAAG,-0.05121460662998769
ACACC,-0.05190700459919753
TCCTA,-0.05236601558711686
ACGTC,-0.052505478619444323
GTCAT,-0.05269236397105004
GGTTA,-0.05274047052903854
CCTTA,-0.05276555976718022
AATCC,-0.05316610031260817
AATCT,-0.053319931240526565
CGACC,-0.05368782156715242
GAATC,-0.05372421838581869
TCTCG,-0.05380048503090317
ATTTA,-0.05389598749005047
CGTCG,-0.053913815554912065
CTACA,-0.05398761436650106
CTAAG,-0.05424217563988857
GCGAT,-0.05457918563442232
CAAAC,-0.05467663175770716
TAGCG,-0.05471757439110251
AACTC,-0.055176791759371784
CATCC,-0.055850649687289707
AACAC,-0.05593562564111402
TAACT,-0.05596512054298939
AAAAA,-0.05604653473524377
CATGA,-0.056109266110519564
TCGTG,-0.05637431979906579
GTGTA,-0.056680567640136424
TAATT,-0.056708488914051225
GACTA,-0.05712586843897588
GCAAT,-0.05713940596863877
TCAAA,-0.057354646117892115
GACAT,-0.05745066626373917
TCTTA,-0.05754693197463091
ACAAT,-0.05765955583229961
CTTAT,-0.057729269127626645
TAAGC,-0.05781478991171307
GTTAT,-0.05794079642898093
GATTA,-0.058131971720140424
AAATT,-0.058230320186641545
TTACC,-0.05871090467032142
GACGA,-0.05910839125808707
ATGTT,-0.05947651544318852
TAAAT,-0.05976518332517068
TTAAG,-0.05993463114991837
ACGAG,-0.06002014669490459
GATCA,-0.060030125076445985
ACAAC,-0.06017051377663544
TGTTA,-0.060278697090689094
ACCGT,-0.06029188414240101
AGTAT,-0.06072134851291776
TATTC,-0.060738944687629845
TTAAT,-0.060942226849147116
TAGAC,-0.06099531390038984
GATAA,-0.06101842590308349
ATCCA,-0.06117703787731443
TACGC,-0.06126324221293222
CGCTA,-0.06169893184698941
AATCA,-0.06172807581965475
ACAAA,-0.061867870564310576
TAAGG,-0.062261113948077096
ATAGT,-0.06235718762771668
GCATC,-0.06260137797353867
TCCAT,-0.06271535880522394
TGATC,-0.06283643029778349
CACTA,-0.06300694525046777
AAAAT,-0.06302291106801325
TCAAG,-0.06361290349025579
GTCGT,-0.0644739956645619
CAATG,-0.06448741890798214
CGAAA,-0.06460972582942552
TCGAG,-0.06498602688360344
ATCCG,-0.06507613204536028
GGATA,-0.06648101266069642
CGTAG,-0.06658283470897004
CAAAT,-0.06676948927254314
CTACC,-0.06687518996365385
ATAAG,-0.0670493893033381
AAATA,-0.06736216862236374
AGATA,-0.06741311670887436
GTACA,-0.0674861998258469
GTTAC,-0.06766790329093056
GGTAA,-0.06799247180878205
GTCGA,-0.06828138127496156
AGTAC,-0.06842477875431845
TAAGA,-0.06877424407791946
AACGG,-0.06897842446700311
TAAGT,-0.06900368852629549
GGTAT,-0.06911832234687418
CGACA,-0.06926296168186057
TCATG,-0.06985003623890407
ATGAC,-0.06987477276799953
TCTAA,-0.07014172441296039
TGTAT,-0.07090863345753556
CGATG,-0.07097157972535437
AATTA,-0.0710192585221244
CTAAT,-0.07128418450057507
ATTCG,-0.07136533722979949
GCATA,-0.07157385024438553
ATGAT,-0.07160019178546564
TATAG,-0.07162542722653598
GTATA,-0.07175505670221073
CATCA,-0.07221360834083067
CTAAA,-0.0723660792226348
CCATC,-0.07276375838692767
GTCAA,-0.07287645260477438
CCTAA,-0.07329929144107154
GGTAC,-0.0738488862944088
GATAG,-0.07403995479343811
CTCGA,-0.07417954160636378
ACACG,-0.07436772944898583
TTAAC,-0.07456995120117017
AACAT,-0.07459747387273476
ATAGC,-0.07463341273276297
ATACT,-0.07472589980531484
ATTAC,-0.07554109446384245
GAATA,-0.07602316337472918
CAACG,-0.07671096383847974
ATATT,-0.07682458274339296
TTATG,-0.07726686475571336
TTCGT,-0.07730005203125377
ATCGC,-0.0776546849744153
AACTA,-0.07803817905857408
TACCA,-0.07807515807693231
ACCAT,-0.07842544106209452
CATAA,-0.0787992105442321
TACCG,-0.07912954438777109
TAACA,-0.07920079765158748
TTCGA,-0.07945500363968312
CCGTA,-0.07974433667700866
CCAAT,-0.07980840993655282
GCGTA,-0.08054312352323904
TAAAC,-0.08120296695424864
AAATC,-0.08138009898597375
CTACG,-0.0819665361755587
CCGAT,-0.08220900795089879
ATCTC,-0.08263694486760703
AATAT,-0.08265325094044611
CCTAC,-0.08292079584595437
ACTAC,-0.08341255789224912
TGTAC,-0.08359028945470022
ATAGG,-0.08372311232545014
TACAA,-0.08403562778791335
TAGTA,-0.08477176020387561
ATCAC,-0.08505798565100373
CGAAC,-0.08521556129659681
TAACC,-0.0852372047917119
CTAAC,-0.08532972684687203
GTATG,-0.08565038081362907
AATAA,-0.08601817016375586
GTTAA,-0.0861629474372839
AACGT,-0.08686294463030728
TATGG,-0.08688708963437063
TCATC,-0.08702090860377731
GTAAG,-0.08745445270709444
CATTA,-0.08760926950667257
CACGA,-0.08777194235995976
TCGAC,-0.08778901671408675
AATAG,-0.0880372207819459
GATAT,-0.08804993838071823
ACTAA,-0.08868629705393687
TACAC,-0.08908757088789478
AAACG,-0.0898092563814806
TACCC,-0.08984038310608769
AACGA,-0.09019598670657379
CCATA,-0.09046891398633036
ATAAC,-0.09054414551472291
TGTAA,-0.09079290688639352
CATAG,-0.09118481795127137
ATTAA,-0.09182712358575174
ATACA,-0.09184549954262157
ATCGG,-0.09225978891210912
ATCAA,-0.09260960541578242
GTACC,-0.09269461583692667
TATGT,-0.09301170610565822
TATAC,-0.09336665724762357
TAGAT,-0.09349017648792435
ATTAG,-0.09351663891048659
ACGAA,-0.09390305117371359
ACCTA,-0.09439961641896288
TCTAT,-0.09455041160613796
TAATC,-0.09617770404044179
CAATA,-0.09641129218833522
CAATC,-0.0966482045054103
GTAAT,-0.09694319332639377
TAATG,-0.09918987309146259
ATGTA,-0.09958292600422283
TCAAC,-0.09964262174407215
TCTAC,-0.10059490249028764
CGAAT,-0.10081683558558947
TCGTC,-0.10118445720380315
TACGT,-0.10198783680330963
CATAT,-0.10198926024770896
GTAAA,-0.10235757283963291
CGTTA,-0.10278983192560687
TATGC,-0.10293239054629917
ACTAT,-0.10310360647060655
TACTA,-0.10358241047514112
GTAAC,-0.10379167300998234
TCAAT,-0.10386003412099348
ATTAT,-0.10503826700632685
CGATC,-0.10559411732865555
CATAC,-0.10607616754908425
TATGA,-0.1073542602841432
TATCT,-0.10766250124654254
GATAC,-0.10830212147691502
CTATG,-0.10889472981460047
TTATC,-0.10951701960659452
ATCAT,-0.10977510170986007
CGATT,-0.11043331876397133
TCATA,-0.11087150037018283
ACATC,-0.11150840065051852
GTCTA,-0.11204457992241564
ATATG,-0.1125789956538938
TTACG,-0.11296445191320445
TAACG,-0.11316562124062331
ACGAC,-0.11356007113581432
ATAAT,-0.11382803511633366
ATAGA,-0.11391299283248373
TATTA,-0.11583663349083509
TACGG,-0.11873249184793315
ATACC,-0.1188026603218168
CATCG,-0.11898696352971372
CTATC,-0.11908929553659012
CGTAC,-0.12080502472235821
TACAT,-0.12164076133523913
AATCG,-0.12215529765374958
TCGAA,-0.12355571624234711
TATCA,-0.12484221421182157
ATCGT,-0.12555442824959756
ACGAT,-0.1257460176323851
ACGTA,-0.12625747951311303
ATCGA,-0.12667661259882151
ACATA,-0.12786274491679958
TATCC,-0.12833609429487428
CGTAA,-0.132234322889708
TAATA,-0.13404317708766977
GTACG,-0.13625386672404904
AATAC,-0.1372934770421125
ATCTA,-0.14055367928047321
TACGA,-0.14314102336195195
TATCG,-0.14612966608972505
CGTAT,-0.147023898936235
GTATC,-0.1521869797356582
ATACG,-0.15650916076265275
TCGTA,-0.16178686566650866
CGATA,-0.1635054808025333
ATATC,-0.16966266116489553
TCGAT,-0.1701108566062017
