kmer,mean_dev
GCTGG,138.50199350395502
GGCTG,125.49305376977568
GCTGC,110.12875475019582
CTGGG,106.59167251871088
GGGAG,104.54196456478034
TGCTG,103.4773238580847
GGTGG,95.46759321097241
TGGGG,88.36144043032985
TGGGA,87.88433987426714
GGAGG,86.41588848549284
TTCCG,86.10213308164525
GCGGA,85.76042486424781
CGGAG,85.53334607830507
GCCGG,84.54396125862357
GGCGG,82.34509636186071
TGGAG,81.60650984391043
TTTTT,80.61618655999715
CGCTG,80.48837401101206
CTGGC,79.93430527547685
CTGCT,79.6233906666591
AGCTG,78.58188788512383
GTGGG,76.77980949259951
GGAGC,75.62931706334001
GCGGG,75.46280604238305
CTGCG,74.8329961603817
TGGCG,70.35459582294921
GGGGA,70.2918492345957
TGGTG,70.27748583921965
GGGTG,70.12176230450224
CTGGA,70.06548590328232
GGGGG,69.50074263007045
GGGCT,68.5894482974084
GTTGG,66.73493543562688
TGCGG,66.25415780966257
CGGGG,66.15687537311607
TTGCT,65.36826716753937
TGTGG,65.32289718304733
TTGGG,65.31523509701498
CGGGA,64.51997997986709
CCGGG,64.19633946563314
CTTCC,63.83998547859485
TGGCT,63.78165406227521
TTTCC,62.7879181452377
TGGGC,62.67216994558498
GCCTG,61.62868224232226
GCTTG,60.04035246524954
CTTGG,57.962956685016565
CCTGG,55.88571700730222
CTGGT,55.45323323271642
GGTTG,54.27479369229598
GTGGC,54.25218862886574
GGAAG,53.58200436810849
TTTTG,52.578279111016535
CTGCC,50.51970211287972
CCGGA,50.12568737169457
TTTGG,50.065196780072235
TTCCT,49.953494624009565
GCGCT,49.82854870469014
GGGCG,49.57023856119132
TGCTT,49.43819104412254
GGGGC,48.51950336244325
TTTCT,46.64250822735508
GGCAG,46.64187810227762
GTGGA,46.01041828730506
TGCGC,43.70583746787658
CTTTT,43.44271677933055
GAGGG,41.86110323983914
GGCTT,41.08973843610409
GGCCG,40.81665023540929
AGTGG,40.28922054757845
TCCGG,40.11334901795347
CCCGG,39.989765406488075
GGTGC,39.472791632935454
GGGAA,39.23505766649164
CGGCT,38.82676929741155
CGCGG,38.736070568776604
TTCCC,38.58963843343693
GCAGG,38.183572985345954
GTTGC,38.02056584488996
GCTGT,37.78826854799662
GGCGC,37.77154798706332
TGTTG,37.48220089507873
CTGTG,37.20728863830803
CGGTG,37.122496492684085
TTGGC,35.64947195535192
TGCCG,35.24633694661925
GGGGT,35.096592668681865
GCTGA,34.90520893771693
GGAGA,34.63128718361376
GAGCG,34.129626166347634
TGGGT,34.116155094229086
CTGAG,34.07861754702229
TGGTT,33.490950848294084
TTCTG,32.839126263407195
CGGGC,32.7729455287995
GAGAG,32.6663034703912
GAGCT,32.29998523447592
TTGGA,31.77300657013347
CTATA,31.27818676953163
GCGGC,30.764079452098734
AGCGG,30.635682305162184
GCGGT,29.93624982758708
CCGGC,29.398314921895913
CCTGC,28.751484383265122
GGAGT,28.69111825818532
GGGTT,27.905116580102028
GAGGA,27.625758515221243
TTGTT,27.524583635396297
GCTTC,26.821485052516387
CAGTT,26.35906778040969
TGCAG,26.144749338753613
TTTGT,25.500010344039815
TGGAA,24.179737440592532
TTTGC,22.915205175871115
GCAGC,22.55492936162571
AGGTG,22.1990755491403
GAGTG,21.94132366505102
TGGCA,21.264812204430676
GAGGC,21.251528042256346
TGCCT,20.933881409259023
TTTTC,20.310216241002763
CTGCA,19.352270607546203
GCGCG,19.219042388935684
GCCGC,18.900745813529092
AGTTG,16.838970027590676
CAGAG,16.719176867953596
TTGCG,16.45362709555728
CGTGG,15.59237675054592
CTTTC,15.513582279790644
GTGGT,15.3015945538266
TATAA,15.218115334409159
CGGCG,15.140532423365116
TGTTT,14.915437798300799
TTGGT,14.343737335550543
GTTTG,14.130997269559455
TTCTT,13.655894952388532
CAGTG,13.632123594376848
TGGCC,13.57049277129906
CGCGC,13.451244112260213
GCTTT,12.857133201069214
GTGCG,12.683050171639952
CTCTG,12.329885456050025
CGGGT,11.777501890668404
AGCAG,10.813143331031519
AGGGA,10.425679413633647
GCGTG,10.09827754881703
TCTGG,10.072544664760773
CTTGC,10.041508616572441
CCGCT,9.702573074242666
GCCCG,9.250998633219597
GTGCT,8.995400684597666
GGCCT,8.067826047288719
CCGGT,7.23608491589893
CTTTG,7.1825934242051
GCAGT,6.903534470480151
AGCCG,6.813678639684318
TGAGG,6.805137808522206
GGGCC,6.556115072812027
CTTCT,6.354620376868034
CGCCG,6.092695496738614
GAGCC,5.339064114778773
CGCTT,4.55308569412501
TCCTG,4.345397667071986
GTGTG,4.13844423804839
AGGCG,3.9998707224882306
AGGAG,3.6608137192661214
GAAGC,3.2395338636512676
GCGAG,2.436399829564916
CCCTG,2.3449986589114165
CCCAG,2.0447724322811176
CAGCT,1.597406400575931
TCTTT,0.662628022958895
CGGAA,0.13803745780445809
CTCCG,0.11427087349606935
TCCCG,0.09868231990364773
CGGTT,-0.5111535105018632
CCCGC,-0.7414162132081152
GAGGT,-1.0574416764256616
CGCAG,-1.2751781708063383
CAGGG,-1.4999249581946013
CTGTT,-1.738885908749567
GCGCC,-2.7268573019300746
GGTGA,-2.969568153308439
GGTGT,-3.238333955045672
CCGCG,-3.877729198339729
TTGTG,-4.174517322290795
CGCCT,-4.337722666509741
GGGCA,-4.533044865484489
CCTTT,-4.82198336665774
GCTCC,-5.8528566076531305
GTTGT,-6.16564362260641
GGTTT,-6.372914531537891
GCAGA,-6.453060078720025
GAAGA,-6.610520617266215
AGTTT,-6.833152485991883
GGATG,-8.206461941441372
GGCTC,-8.662031084745388
AGGAA,-8.69597301612434
AGAGA,-9.24030131337775
AGAGG,-9.620171299010243
GGAAA,-9.67660492722531
CCAGA,-10.37009191528671
AGGGG,-10.78107967649894
GCCAG,-10.892374741058967
AGGCT,-11.746341492866701
CTCTT,-12.112770808964683
GACTG,-12.287614414197572
AGCGC,-12.316574771363829
AGAGC,-12.356806636018277
GATGG,-13.297906407100498
CCTTG,-14.049292651808432
CTCCC,-14.845895191702555
TCCGC,-15.9464732695717
CGGCC,-16.28800636398734
CCAGT,-17.17927810362208
GTGAG,-17.30443512077643
GCCCT,-17.572707613255133
GGACG,-17.60067986646875
CGGCA,-17.69968377703918
ACTGG,-17.788681525585094
CAGCG,-17.80813747761858
AGAAG,-18.231119639698615
GTTTT,-18.601064246159062
GAGCA,-19.26172618413976
GGGAC,-20.177589014338302
GAAGT,-20.430287461344363
GCGCA,-20.66521946538871
ATTTT,-20.725044453193565
CCGCC,-20.74379225531083
TTGCC,-21.150764499325156
CCGAG,-21.644114094975624
GCCTT,-21.719982565764834
TCGGG,-22.139968077492604
CGCCC,-22.376390999305155
CCAGC,-22.511246127628198
GAGTT,-22.545676689515552
GTTTC,-23.480858906675362
CCCTT,-23.66458628660847
GAGAA,-23.68689632658923
CAGGC,-23.995057941276894
GCCTC,-24.330823261268925
TCCTT,-24.56162749499107
TGTGT,-24.67295126606803
GGCGT,-25.72487202848048
CTCGG,-26.14162281107883
CTCAG,-26.252046429246683
TGAGC,-26.359748907577476
GGCCC,-26.879913724301687
CCAGG,-27.005416928808003
TTGAG,-27.22347047660353
GTGTT,-27.347948174169545
TGAGA,-27.37719712796319
AGCTT,-28.34842866910385
TTGCA,-28.69571353704049
GTTCC,-28.811085079031358
TGCTC,-29.23952882440369
AGTGC,-29.360531077033595
TGCCC,-30.365559315402827
GCTCT,-30.4478249497645
CAGCC,-30.630503232195288
AGGGC,-30.732782356285373
CTCCT,-31.003525033084834
GCTCG,-31.64487507113501
TCTGC,-32.05944778425174
GAAGG,-32.40627205377239
CCTTC,-32.58587457509932
TCCCT,-33.35628866905777
TGGAC,-33.899388693968724
GACGG,-34.34042090378113
CGAGG,-34.42883499440392
CGGAC,-34.447778151623
CGTTG,-35.317866746278476
GCCGA,-35.49763023771522
CGTGC,-36.30160691882403
AGCCT,-36.41613560537586
GTGCC,-37.29849118218226
CCTCC,-37.75693582375163
ACTGC,-38.26231897646485
GGCGA,-38.26827323204329
CAGCA,-38.771662234940905
GACGC,-39.09124804092308
AGGGT,-39.636847634989195
CGAGC,-39.94886400496154
GCCGT,-40.108527627214734
CTTGT,-40.676440064060905
TCCCC,-40.835853332780275
AGTGT,-41.29401078206075
GCCCA,-41.54408469686836
CCTGT,-42.11913320493912
CAGGA,-42.11962412189821
TTATA,-42.861429112750955
CACTG,-42.952031465133416
GGTCC,-43.11918046169492
GTGCA,-43.876130186276995
CAGTC,-44.23872081394439
TGTGC,-45.08190433342456
TAGTT,-45.13639605667198
CCGCA,-45.36146281074816
TTCAG,-45.433902347837034
GACTT,-46.383537221017825
TTCGC,-46.45419272326829
TGCGT,-47.50274562651893
CCTCT,-47.71811623534195
CAGAC,-48.78941424605606
GGACT,-49.766556724653455
CCGTG,-50.36020367682542
AGCCC,-50.79932817821431
TCCAG,-51.38676876036422
CGCTC,-51.52304702110973
CAGAA,-51.859801530237476
GTCTG,-52.14902196337416
AGAGT,-52.61714622936266
CAGGT,-53.3392662443723
TCTCT,-53.79990909967829
GTCCC,-54.154294356662646
TTTCA,-54.497940612149904
CCCCT,-55.51341121666722
TCAGA,-56.358645338484074
TCAGT,-56.521246326074696
TTCTC,-58.54484606121994
CGTTT,-58.9223363647108
CCGTT,-59.96588531151194
AGGCC,-60.71127158028641
ACTTG,-62.00309380784388
CCCTC,-64.32993952575175
TGAGT,-64.93500537278972
AGTCC,-65.06374921349129
GAGAC,-65.28825213845224
AAGCT,-65.45106686572805
TCTTG,-66.15273738568357
GCAAG,-66.69588254763089
TGCGA,-69.36480727486926
TGTCT,-70.08975306718165
CTGAC,-71.24141538562387
CTGTC,-73.81594283134947
CCTGA,-74.38985643148195
AGTCT,-74.52445790164118
TGCCA,-74.84757118451512
GCACT,-75.76787430933871
TGACT,-75.81281302792593
TCTTC,-76.65100989334127
TCGCT,-77.3557981808731
CTCTC,-77.38252537171739
CCCCA,-78.00341802163811
AGTGA,-78.96437957458468
GAAAG,-79.12844380474226
CTTGA,-81.39419014165166
AGCTC,-81.52248335901083
GGCCA,-83.58781872602685
AAGCA,-84.41975591277814
ACTGA,-85.52060827801208
GACAG,-86.48821721214468
CCCAC,-87.38222267945929
ACTTC,-87.44413255596173
AGCGA,-90.2434287775327
AAGGA,-90.74796057648722
AGTTC,-90.9709601923455
ATGGA,-92.3213198339555
GGCAA,-97.039637596133
