kmer,TP_count,Occurrences,Importance
CGCAC,844,2895,0.2915371329879102
GTGCG,769,2992,0.2570187165775401
CGCGT,427,1676,0.25477326968973746
GCGCA,756,3006,0.25149700598802394
CGTGT,532,2140,0.2485981308411215
CGCGG,1069,4390,0.24350797266514806
GCGCG,1622,6925,0.23422382671480144
CGCGC,1597,6897,0.23154994925329853
CGTGC,604,2612,0.23124042879019907
GCACG,598,2669,0.2240539527913076
GTGTG,1965,8880,0.22128378378378377
CACAC,1921,8716,0.22039926571821936
GCGTG,763,3472,0.21975806451612903
GCGCC,1150,5269,0.21825773391535397
CACGC,695,3413,0.20363316730149428
GCGCT,502,2494,0.2012830793905373
ACGCA,286,1449,0.1973775017253278
ACACG,383,1942,0.1972193614830072
CGCGA,183,954,0.1918238993710692
GCGGG,1037,5467,0.18968355588073899
CGCCC,1039,5480,0.1895985401459854
CGCAG,500,2776,0.18011527377521613
GCGTC,245,1363,0.1797505502567865
CGCAT,159,889,0.17885264341957255
TGCGT,279,1587,0.17580340264650285
CACGT,323,1841,0.17544812601846824
GCACA,825,5046,0.1634958382877527
TGCGC,495,3049,0.16234831092161364
ACGTG,297,1833,0.16202945990180032
TGTGT,1390,8643,0.1608237880365614
ACACA,1360,8622,0.1577360241243331
CGGGC,692,4433,0.15610196255357545
GCGTA,72,470,0.15319148936170213
CGTGG,340,2236,0.1520572450805009
GCCCG,698,4655,0.14994629430719655
GTGCA,658,4536,0.14506172839506173
CACGG,258,1798,0.14349276974416017
CGCTC,307,2203,0.13935542442124377
TGTGC,707,5273,0.13407927176180542
GCGGA,232,1781,0.13026389668725435
CGCCG,459,3541,0.12962439988703756
ATACG,60,481,0.12474012474012475
ACGCC,220,1768,0.1244343891402715
CGCCT,332,2721,0.12201396545387726
ATGCG,112,921,0.12160694896851248
GCGTT,78,657,0.1187214611872146
ACGCG,200,1685,0.11869436201780416
TGCAC,518,4596,0.11270670147954744
GCGGC,533,4774,0.111646418098031
CGTCC,166,1487,0.11163416274377942
CGGGT,181,1627,0.11124769514443761
TGCGG,229,2069,0.11068148864185597
CGCTG,274,2508,0.10925039872408293
CGTAC,42,385,0.10909090909090909
GCACC,413,3792,0.10891350210970464
CGCAA,79,739,0.10690121786197564
CCCGC,604,5658,0.10675150229763167
GCGAG,206,1939,0.10624033006704486
TACGT,61,591,0.10321489001692047
GTGCC,396,3841,0.10309815152304087
GGGCG,533,5282,0.10090874668686103
CGCTT,107,1064,0.10056390977443609
CGGAC,105,1059,0.09915014164305949
CGCCA,196,1987,0.09864116758933066
GCATG,376,3840,0.09791666666666667
CATGC,366,3903,0.09377401998462721
CGGGG,396,4328,0.09149722735674677
CGTGA,106,1160,0.09137931034482759
ACGCT,79,881,0.08967082860385925
GCGGT,120,1354,0.08862629246676514
CGTAT,48,548,0.08759124087591241
GTACG,30,357,0.08403361344537816
GGCGC,449,5375,0.08353488372093024
CGTCG,47,597,0.07872696817420435
ACGTA,44,562,0.07829181494661921
CCGCG,340,4354,0.07808911345888837
ACGGC,94,1221,0.07698607698607698
CCCGT,109,1427,0.07638402242466713
ACCCG,120,1584,0.07575757575757576
GCGAC,72,964,0.07468879668049792
GCTCG,123,1661,0.07405177603853101
GTGTC,211,2854,0.07393132445690259
GCCCC,462,6335,0.07292817679558011
CACGA,66,905,0.07292817679558011
ACGGG,101,1386,0.07287157287157287
TGCGA,59,823,0.07168894289185905
CACCG,127,1777,0.0714687675858188
CACCC,346,4882,0.0708725931995084
CACAT,337,4764,0.07073887489504618
CGGCG,242,3578,0.06763555058692007
GCGAA,44,678,0.06489675516224189
ACACC,209,3277,0.0637778455904791
CCGCA,133,2090,0.06363636363636363
CGTAG,31,497,0.06237424547283702
CCCCG,284,4565,0.06221248630887185
CGTCA,42,686,0.061224489795918366
CATGT,270,4427,0.060989383329568554
GTCCG,65,1079,0.060240963855421686
CGGGA,144,2416,0.059602649006622516
GCAGG,370,6301,0.05872083796222822
CGCTA,28,480,0.058333333333333334
TGCAT,228,3931,0.058000508776392776
GTGGG,301,5193,0.05796264201810129
ACATG,253,4419,0.05725277212038923
ACGTC,38,666,0.057057057057057055
CCGTG,109,1947,0.055983564458140726
CCGCC,292,5254,0.055576703464027405
GCACT,190,3441,0.05521650682941005
CGTCT,63,1143,0.05511811023622047
GCCCA,273,4987,0.05474233005815119
CCCGG,246,4510,0.05454545454545454
GTGCT,192,3561,0.05391743892165122
TGCCG,79,1486,0.0531628532974428
CGAGC,88,1671,0.052663076002393776
GGCGG,269,5131,0.05242642759695966
GGCGT,93,1776,0.052364864864864864
CACTC,192,3709,0.051765974656241574
ATGTG,238,4619,0.05152630439489067
ACGGA,43,837,0.05137395459976105
ATGCA,206,4049,0.05087675969375154
ACGGT,34,679,0.050073637702503684
CACAG,270,5469,0.04936917169500823
TACGC,20,407,0.04914004914004914
CTCGC,95,1949,0.04874294510005131
CGGCC,190,3901,0.04870546013842605
TGCCC,235,4828,0.04867439933719967
CATAC,105,2175,0.04827586206896552
CGTTG,29,602,0.04817275747508306
CGTTC,32,676,0.047337278106508875
GCCGC,223,4760,0.04684873949579832
GCGAT,31,677,0.04579025110782865
CCCCC,224,4952,0.045234248788368334
ACGAC,21,468,0.04487179487179487
GGCGA,61,1393,0.04379038047379756
GGGCC,220,5076,0.04334121355397951
TGTGG,208,4873,0.042684178124358714
GTATG,96,2257,0.04253433761630483
GGTGC,151,3636,0.04152915291529153
GCAGC,233,5621,0.04145169898594556
GGCCG,162,3925,0.04127388535031847
GCCCT,165,4026,0.040983606557377046
GGGTG,195,4773,0.04085480829666876
GCCTG,267,6577,0.040596016420860574
CACCT,192,4749,0.04042956411876184
GTGTA,97,2421,0.04006608839322594
GGGGC,237,6037,0.03925790955772735
CCCAC,197,5171,0.03809707986849739
ACGTT,26,706,0.036827195467422094
ACACT,126,3426,0.03677758318739054
GGGCA,173,4727,0.03659826528453564
ACTCG,33,906,0.03642384105960265
GTGGC,150,4155,0.036101083032490974
CCCGA,57,1584,0.03598484848484849
CCGCT,67,1864,0.03594420600858369
CGGAG,83,2336,0.03553082191780822
AGGCG,100,2826,0.035385704175513094
TGGGC,179,5083,0.03521542396222703
CAGGC,231,6618,0.034904805077062555
CGGCT,73,2129,0.03428839830906529
CGAGT,29,849,0.03415783274440518
GGCAC,129,3802,0.033929510783798
GACGC,44,1300,0.033846153846153845
TCGCA,25,739,0.03382949932341001
GGACG,49,1454,0.03370013755158184
CGGAT,20,601,0.033277870216306155
CGGTC,29,872,0.033256880733944956
GCCGT,41,1234,0.03322528363047002
CGGCA,49,1488,0.03293010752688172
CTGCG,95,2886,0.03291753291753292
CCGGG,148,4501,0.0328815818706954
GGGGG,159,4855,0.03274974253347065
GCCGG,120,3687,0.03254678600488202
CCTGC,205,6316,0.0324572514249525
CCGGC,115,3604,0.03190899001109878
GTGGA,116,3704,0.03131749460043196
TGCAG,189,6042,0.03128103277060576
CGTAA,12,385,0.03116883116883117
GGCCC,155,5145,0.03012633624878523
TCGCG,29,967,0.02998965873836608
CGTTT,24,801,0.0299625468164794
CGGTG,51,1744,0.029243119266055047
CCACG,64,2189,0.02923709456372773
CCTCG,61,2113,0.028868906767628964
GAGCG,63,2220,0.02837837837837838
ACGAG,25,881,0.028376844494892167
CGAGG,60,2148,0.027932960893854747
ACCCC,98,3600,0.02722222222222222
CTCGG,62,2305,0.026898047722342732
AGCGC,64,2390,0.026778242677824266
GGGCT,122,4562,0.026742656729504603
GTGAG,116,4343,0.02670964770895694
ACCGC,35,1323,0.026455026455026454
GTGAC,62,2371,0.026149304091100802
GTCGC,23,912,0.025219298245614034
ACCGG,25,993,0.025176233635448138
CCCCT,113,4499,0.02511669259835519
GCTCC,114,4543,0.02509355051727933
TATGT,103,4111,0.025054731208951592
GCATC,55,2208,0.024909420289855072
TGCTC,90,3653,0.024637284423761292
CAACG,16,652,0.024539877300613498
CATGG,94,3903,0.024084037919549064
GCATA,49,2048,0.02392578125
TGTGA,103,4336,0.023754612546125462
TGTCG,16,678,0.02359882005899705
GTGTT,80,3396,0.023557126030624265
CCGTC,30,1276,0.023510971786833857
TACGG,9,385,0.023376623376623377
GTCGG,21,903,0.023255813953488372
GCAGA,104,4476,0.02323503127792672
CCGGT,23,991,0.02320887991927346
GCCGA,33,1454,0.02269601100412655
GTCCC,79,3483,0.02268159632500718
GGGTC,64,2825,0.02265486725663717
ACGAA,13,578,0.02249134948096886
CAGGG,128,5700,0.02245614035087719
CAGGT,97,4348,0.02230910763569457
TGCCT,120,5404,0.02220577350111029
TCCGC,40,1802,0.022197558268590455
TCGCC,32,1442,0.022191400832177532
GGGGA,106,4836,0.021918941273779982
CGTTA,9,413,0.021791767554479417
CCGTT,13,599,0.021702838063439065
CCGGA,32,1487,0.02151983860121049
GCCTC,123,5725,0.02148471615720524
CAGCG,54,2518,0.021445591739475776
CACAA,83,3892,0.02132579650565262
GTCCA,54,2538,0.02127659574468085
TACAC,53,2511,0.021107128634010354
CCCTG,123,5850,0.021025641025641025
CGGAA,17,822,0.02068126520681265
ACCTG,90,4366,0.020613834173156206
CGAAC,11,541,0.02033271719038817
TGTAC,46,2264,0.020318021201413426
GGGAC,69,3405,0.02026431718061674
TGTCC,67,3325,0.020150375939849623
CCCTC,100,5030,0.019880715705765408
TCCGT,17,858,0.019813519813519812
CTCCG,44,2247,0.019581664441477527
TCGCT,20,1024,0.01953125
ACAGG,89,4596,0.019364664926022627
GGGGT,68,3528,0.01927437641723356
ATGTT,89,4649,0.01914390191439019
GTGGT,64,3368,0.019002375296912115
GGTGT,63,3320,0.01897590361445783
GTACC,27,1427,0.0189208128941836
GCAAG,56,2989,0.01873536299765808
ACCCA,77,4139,0.018603527422082627
GTCTG,59,3223,0.018305926155755506
CCGAG,42,2309,0.018189692507579038
TGGCG,36,1994,0.01805416248746239
CACCA,85,4728,0.017978003384094755
ACCGT,13,730,0.01780821917808219
CGACT,10,571,0.017513134851138354
GTACA,39,2243,0.017387427552385197
CGACG,10,582,0.01718213058419244
GACAC,48,2794,0.01717967072297781
ACATA,70,4089,0.017119100024455856
GCTCA,69,4056,0.017011834319526627
GGCTC,77,4531,0.01699404105054072
GGTCG,14,826,0.01694915254237288
TCCGG,24,1422,0.016877637130801686
CGAAT,7,419,0.016706443914081145
CCGAT,7,420,0.016666666666666666
GGACC,42,2545,0.016502946954813358
CCTGT,75,4556,0.01646180860403863
GGACA,54,3282,0.016453382084095063
GCAGT,60,3671,0.016344320348678835
CATCG,11,684,0.01608187134502924
ACCCT,51,3185,0.016012558869701727
TGGGT,66,4124,0.01600387972841901
CTCGT,14,885,0.015819209039548022
TGCTG,89,5671,0.015693881149709047
CTGTG,89,5672,0.01569111424541608
TGACG,11,703,0.015647226173541962
CCACC,86,5538,0.015529071867100036
CCCAG,125,8180,0.015281173594132029
CGACC,13,862,0.015081206496519721
GGCAG,92,6102,0.015077023926581449
CACTG,76,5054,0.015037593984962405
CCGTA,6,401,0.014962593516209476
TCACG,17,1137,0.014951627088830254
GGCCT,64,4301,0.01488026040455708
CGAAG,13,874,0.014874141876430207
CAGCC,103,6939,0.014843637411730797
TGTAT,65,4379,0.0148435715916876
GTCGT,7,472,0.014830508474576272
TCCCG,35,2377,0.014724442574673959
ATGCC,44,3003,0.014652014652014652
GAGTG,55,3758,0.014635444385311336
GCAAC,33,2279,0.014480035103115402
AGGTG,68,4735,0.014361140443505808
CCGAC,13,906,0.01434878587196468
GTCCT,43,3001,0.01432855714761746
CCCCA,82,5752,0.014255910987482615
GTTCG,7,496,0.014112903225806451
TGCCA,61,4370,0.013958810068649886
TGGAC,34,2453,0.013860578883000407
CCCAT,48,3467,0.013844822613210269
CGGTT,8,582,0.013745704467353952
AACGC,9,660,0.013636363636363636
CACTT,55,4112,0.013375486381322957
ACAGC,48,3590,0.013370473537604457
GACGT,9,674,0.013353115727002967
ATCGG,5,377,0.013262599469496022
CCACA,63,4755,0.013249211356466877
CTCAC,57,4378,0.013019643672910005
TCGGA,9,692,0.01300578034682081
GGCCA,59,4553,0.012958488908412035
AGGCC,55,4246,0.012953367875647668
CAGAC,42,3310,0.012688821752265862
GGGAG,87,6857,0.01268776432842351
CCTGG,94,7430,0.012651413189771197
GACGG,17,1346,0.01263001485884101
GCTTG,37,2949,0.012546625974906748
CTCGA,10,802,0.012468827930174564
TGTCT,58,4662,0.012441012441012441
GGCTG,86,6951,0.012372320529420227
CTCCC,82,6843,0.011983048370597691
TCCGA,8,668,0.011976047904191617
GACCG,11,920,0.011956521739130435
AGTGC,41,3439,0.0119220703692934
AGCGG,21,1762,0.01191827468785471
AGCGA,13,1094,0.011882998171846435
GCCTA,22,1852,0.011879049676025918
GCCAG,63,5373,0.011725293132328308
GCTTC,39,3327,0.011722272317403066
AGCCC,53,4536,0.011684303350970017
ACAGA,61,5240,0.011641221374045801
GGTCC,30,2582,0.011618900077459334
CCTCC,84,7347,0.011433238056349531
TAGCG,5,440,0.011363636363636364
CATAT,42,3709,0.011323806956052845
ACTCC,40,3533,0.011321822813472968
CGATC,6,530,0.011320754716981131
AAGCG,11,972,0.01131687242798354
GGTAC,15,1366,0.010980966325036604
AGCCG,24,2199,0.010914051841746248
CTGCA,63,5912,0.010656292286874154
ATGGG,36,3393,0.010610079575596816
TACCG,4,378,0.010582010582010581
AGTCG,6,567,0.010582010582010581
TGGGG,60,5680,0.01056338028169014
TCGTA,4,380,0.010526315789473684
CGAGA,13,1238,0.01050080775444265
GCTCT,40,3811,0.010495932826029914
GCCAC,45,4291,0.010487065951992542
GCCTT,34,3304,0.010290556900726392
ACATC,27,2635,0.010246679316888045
GGTGG,56,5550,0.01009009009009009
CTGCC,62,6186,0.010022631749110895
TCGTG,9,898,0.01002227171492205
ATGCT,34,3400,0.01
ATGTA,38,3815,0.009960681520314547
ACGAT,5,505,0.009900990099009901
GTAGC,19,1933,0.00982928091050181
AGCGT,9,916,0.009825327510917031
CATCC,31,3158,0.009816339455351488
TGGCC,46,4692,0.00980392156862745
TCGTC,6,613,0.009787928221859706
TGCAA,37,3826,0.00967067433350758
AGGCA,51,5287,0.00964630225080386
GTGAA,34,3546,0.009588268471517203
TCGGG,14,1462,0.009575923392612859
TTCGC,6,627,0.009569377990430622
GTACT,16,1679,0.009529481834425254
GGAGC,43,4579,0.009390696658659096
CCCTA,19,2029,0.009364218827008379
TCGGC,14,1498,0.009345794392523364
TCCAC,33,3540,0.009322033898305085
CCGAA,6,644,0.009316770186335404
ATATG,34,3670,0.009264305177111716
AGGGC,38,4107,0.009252495738982226
GCTGC,52,5651,0.009201911166165281
GACCC,26,2837,0.009164610504053579
GCATT,28,3072,0.009114583333333334
GAACG,6,669,0.008968609865470852
ATACA,37,4281,0.008642840457836955
TTCGT,5,579,0.008635578583765112
CGATG,6,697,0.00860832137733142
CTTCG,7,816,0.00857843137254902
TGCTT,38,4443,0.008552779653387351
CCTAC,16,1879,0.008515167642362959
AGACG,10,1183,0.0084530853761623
AACGG,5,595,0.008403361344537815
TTGCG,6,728,0.008241758241758242
GGGTT,23,2827,0.008135833038556774
GAGCC,36,4501,0.007998222617196179
AGGGG,35,4397,0.007959972708665
TCTCG,10,1265,0.007905138339920948
GTCGA,3,385,0.007792207792207792
GCTGG,54,6968,0.007749712973593571
GGACT,20,2581,0.0077489345215032935
CCATG,30,3952,0.0075910931174089065
GGAGG,58,7663,0.007568837269998695
CCACT,29,3841,0.007550117156990367
CTCCT,45,5991,0.007511266900350526
GGCAT,22,2937,0.00749063670411985
AGGCT,38,5096,0.007456828885400314
CTGGC,40,5420,0.007380073800738007
ATGGC,21,2959,0.0070969922271037515
GGGAT,21,2983,0.007039892725444184
GGCTT,22,3161,0.006959822840873141
TGAGC,28,4067,0.0068846815834767644
GCAAT,18,2621,0.006867607783288821
TACCC,13,1909,0.006809848088004191
GCAAA,26,3847,0.006758513127112035
AGTGT,23,3420,0.006725146198830409
CAGAG,40,5961,0.006710283509478276
GTCAG,20,2981,0.006709158000670915
ACTCA,23,3439,0.006687990694969468
CAGTG,33,4949,0.006668013740149525
CGAAA,4,610,0.006557377049180328
TCCCC,32,4893,0.006539955037809115
CACTA,14,2144,0.0065298507462686565
GGTGA,23,3529,0.006517427033153868
ATCCG,4,620,0.0064516129032258064
CAGCA,36,5611,0.006415968633042239
CCTTG,23,3598,0.006392440244580322
CAGCT,34,5379,0.006320877486521658
AAACG,5,792,0.006313131313131313
GTCTC,23,3661,0.0062824364927615405
GCCAT,19,3046,0.00623768877216021
GGGAA,28,4508,0.006211180124223602
CAGGA,37,5971,0.006196616982080054
CAGTC,17,2751,0.0061795710650672485
GGTTG,15,2437,0.006155108740254411
ACAGT,20,3266,0.00612369871402327
TACGA,2,327,0.0061162079510703364
CTACG,3,492,0.006097560975609756
AGCAC,22,3628,0.006063947078280044
ATGGA,23,3829,0.006006790284669626
CTTGC,18,3008,0.005984042553191489
CAAGC,18,3024,0.005952380952380952
CCTGA,25,4211,0.005936832106388032
ACCTC,22,3713,0.005925127928898465
TGTTC,20,3408,0.005868544600938967
GGGTA,11,1875,0.005866666666666667
GGATG,18,3078,0.005847953216374269
CCCTT,21,3602,0.005830094392004442
CCAGG,43,7378,0.005828137706695581
CTGCT,30,5186,0.005784805244890089
GATCG,3,519,0.005780346820809248
CGATT,3,523,0.0057361376673040155
TATGC,12,2093,0.005733397037744864
CGACA,4,698,0.0057306590257879654
TCACA,25,4433,0.005639521768554027
GGTCT,16,2857,0.0056002800140007
ACCTT,16,2862,0.005590496156533892
CAATC,12,2172,0.0055248618784530384
GGCAA,16,2905,0.005507745266781412
TCGAA,3,545,0.005504587155963303
GAGCT,20,3635,0.005502063273727648
GTTCC,14,2549,0.005492349941153394
TGAGT,19,3470,0.00547550432276657
GAGGG,27,5028,0.0053699284009546535
GAGCA,20,3726,0.005367686527106817
GAGGC,31,5834,0.005313678436750085
CCTAG,12,2271,0.005284015852047556
CCCAA,21,3979,0.005277707966825836
TCGGT,3,569,0.005272407732864675
TCTGT,28,5311,0.0052720768216908305
CCAAC,14,2657,0.005269100489273617
TCCTC,25,4801,0.005207248489897938
ACCGA,3,580,0.005172413793103448
GTTGG,14,2731,0.005126327352618088
CTTCC,25,4932,0.005068937550689375
CTTGG,20,3972,0.005035246727089627
GTCAC,12,2384,0.0050335570469798654
TGTAG,14,2783,0.005030542579949695
CATGA,18,3599,0.005001389274798555
GTAGG,9,1808,0.00497787610619469
GACTC,12,2415,0.004968944099378882
ATCGA,2,404,0.0049504950495049506
TGGAG,27,5511,0.004899292324442025
CAAGG,17,3502,0.0048543689320388345
CCAGC,34,7108,0.004783342712436691
ACTTG,15,3136,0.0047831632653061226
TCCCT,23,4814,0.004777731616119651
CCTTC,20,4210,0.004750593824228029
GGAGA,24,5114,0.004692999608916699
GGAGT,17,3642,0.004667764964305327
ATGGT,15,3246,0.0046210720887245845
TCTGC,21,4554,0.00461133069828722
AGGTC,12,2634,0.004555808656036446
GCTGT,17,3733,0.004553978033753014
AACGT,3,661,0.0045385779122541605
GCCAA,14,3085,0.00453808752025932
ATTCG,2,442,0.004524886877828055
GAGTC,11,2455,0.004480651731160896
AGGAG,28,6318,0.004431782209559987
GAGGA,22,4966,0.004430124848973017
ACAAA,29,6551,0.00442680506792856
AGGGA,21,4746,0.004424778761061947
ATCGC,3,683,0.004392386530014641
CTCTC,22,5041,0.004364213449712359
AGCTC,16,3689,0.00433721875847113
TCCTG,25,5765,0.004336513443191674
AGGGT,13,3014,0.0043132050431320505
TATGG,10,2375,0.004210526315789474
CATCA,15,3573,0.0041981528127623844
CTCTG,25,6010,0.004159733777038269
ACAAC,10,2440,0.004098360655737705
TGTTG,16,3916,0.0040858018386108275
TACAT,15,3696,0.004058441558441558
GGCTA,8,1975,0.004050632911392405
GTAAG,8,1978,0.004044489383215369
AGTGG,15,3722,0.004030091348737238
CTTGT,13,3230,0.004024767801857585
AGACA,19,4774,0.003979891076665271
AGCCT,20,5038,0.003969829297340214
CATTC,14,3548,0.003945885005636978
GCTTT,15,3822,0.003924646781789639
TATCG,1,255,0.00392156862745098
CTCAG,22,5614,0.003918774492340577
TCGAG,3,770,0.003896103896103896
ACCAC,13,3351,0.003879438973440764
CTGGG,31,8026,0.003862447047096935
TACTC,8,2075,0.0038554216867469878
CCAGT,13,3374,0.0038529934795494963
ACCTA,8,2080,0.0038461538461538464
TGGGA,22,5769,0.003813485872768244
GTTCA,11,2923,0.00376325692781389
AGAGC,14,3739,0.003744316662209147
TGACC,10,2695,0.0037105751391465678
GACAT,10,2699,0.003705075954057058
GGTTC,8,2213,0.0036150022593764122
GATGC,8,2237,0.003576218149307108
CAAGT,11,3079,0.0035725885027606367
TGTTT,24,6762,0.00354924578527063
TGGTG,17,4799,0.0035424046676390914
TACCT,9,2558,0.003518373729476153
ACAAG,11,3134,0.0035098915124441607
CGATA,1,286,0.0034965034965034965
TCTGG,15,4315,0.0034762456546929316
CAAAC,12,3456,0.003472222222222222
TACAG,12,3476,0.0034522439585730723
AGACC,10,2925,0.003418803418803419
CCTCT,17,4980,0.0034136546184738957
CAGAT,12,3519,0.0034100596760443308
AACGA,2,588,0.003401360544217687
ATGTC,9,2654,0.003391107761868877
GTGAT,10,3019,0.0033123550844650546
CATTG,10,3031,0.003299241174529858
GAGGT,12,3671,0.003268864069735767
CAAAG,16,4920,0.0032520325203252032
GTTGT,8,2488,0.003215434083601286
AGGTA,8,2493,0.003208985158443642
ACTGG,11,3435,0.003202328966521106
CTCCA,17,5360,0.003171641791044776
CTGGA,16,5095,0.003140333660451423
TACTG,8,2549,0.003138485680659082
CTACC,6,1912,0.0031380753138075313
CTTCA,13,4171,0.0031167585710860706
TGGTC,8,2579,0.0031019775106630476
TTCCC,14,4527,0.0030925557764523966
TACCA,8,2599,0.0030781069642170067
GAAGG,13,4228,0.0030747398297067173
CTCAT,11,3603,0.0030530113794060504
AGGAC,9,2958,0.0030425963488843813
ACTGC,11,3655,0.003009575923392613
GGTCA,8,2660,0.0030075187969924814
GGAAG,15,5029,0.0029827003380393717
GGATC,6,2019,0.0029717682020802376
GTTTG,10,3371,0.0029664787896766538
TAGCC,6,2028,0.0029585798816568047
GCTAG,5,1697,0.0029463759575721863
GCTGA,12,4085,0.002937576499388005
TGGCT,14,4837,0.002894356005788712
GTCAT,7,2455,0.0028513238289205704
ACATT,13,4563,0.002849002849002849
CTGAG,16,5621,0.0028464685998932575
AGCTG,15,5294,0.0028333962976955043
CCTAT,6,2128,0.002819548872180451
TCACC,10,3547,0.00281928390188892
CTGGT,10,3548,0.002818489289740699
GTAGA,7,2506,0.002793296089385475
CCAAG,11,3945,0.002788339670468948
ACCAA,9,3233,0.0027837921435199505
ACTAG,5,1798,0.0027808676307007787
GTAGT,5,1803,0.0027731558513588465
GTTTC,10,3607,0.0027723870252287217
TCGAC,1,366,0.00273224043715847
GTTGC,6,2208,0.002717391304347826
CATCT,11,4062,0.0027080256031511572
TCCAG,14,5172,0.0027068832173240526
CCTCA,13,4808,0.0027038269550748754
TGAGG,13,4813,0.0027010180760440473
CTGAC,8,2962,0.0027008777852802163
CATAG,6,2246,0.0026714158504007124
GTTGA,6,2248,0.0026690391459074734
TCAGC,11,4126,0.002666020358700921
GTAAC,4,1501,0.002664890073284477
TGCTA,7,2633,0.002658564375237372
GAGAG,13,4903,0.0026514378951662245
CTTCT,14,5304,0.0026395173453996985
CGGTA,1,380,0.002631578947368421
CTGTC,10,3804,0.0026288117770767614
GAGTT,8,3065,0.0026101141924959217
GTATC,4,1533,0.002609262883235486
GACAG,10,3885,0.002574002574002574
CTTTC,12,4668,0.002570694087403599
TTGCA,10,3913,0.002555583950932788
TAACG,1,392,0.002551020408163265
CAGAA,14,5489,0.0025505556567680817
ATACC,5,1976,0.0025303643724696357
ACCAG,9,3570,0.0025210084033613447
ACAAT,9,3579,0.002514668901927913
GTTCT,8,3189,0.002508623392913139
CCATC,9,3603,0.002497918401332223
CAACC,6,2411,0.002488593944421402
CTAGC,4,1612,0.0024813895781637717
TTGGC,8,3238,0.0024706609017912293
TTTCC,13,5414,0.0024011821204285187
GTTAG,4,1679,0.0023823704586063135
ACTCT,8,3371,0.002373183031741323
GTCTT,8,3380,0.002366863905325444
GGAAC,6,2536,0.002365930599369085
TGGCA,10,4231,0.002363507445048452
CAGTA,6,2563,0.0023410066328521262
GACCT,6,2571,0.002333722287047841
TCATC,7,3028,0.002311756935270806
TCGAT,1,435,0.0022988505747126436
AGCCA,11,4873,0.002257336343115124
ATGAG,8,3551,0.002252886510842016
ACTTC,7,3145,0.0022257551669316376
AGTTG,6,2703,0.0022197558268590455
GCTAC,4,1821,0.002196595277320154
ATCCA,7,3227,0.0021691973969631237
TTCAC,8,3691,0.002167434299647792
GACTG,6,2779,0.0021590500179920835
GCTTA,4,1855,0.00215633423180593
AAGGC,7,3252,0.002152521525215252
AAAGC,8,3725,0.002147651006711409
AGCAA,9,4272,0.002106741573033708
ATGAC,5,2397,0.0020859407592824365
TCCAT,8,3856,0.002074688796680498
GTATT,7,3375,0.002074074074074074
TTGTG,8,3930,0.002035623409669211
TGAAC,6,2958,0.002028397565922921
AATCG,1,499,0.002004008016032064
TGTCA,7,3510,0.0019943019943019944
AAGTG,8,4028,0.0019860973187686196
TTGGG,8,4055,0.001972872996300863
TGACT,6,3049,0.0019678583142013774
AGGTT,6,3063,0.0019588638589618022
AGCAG,10,5136,0.0019470404984423676
CCTTT,9,4626,0.0019455252918287938
AGTCA,6,3111,0.0019286403085824494
ATCCC,6,3118,0.001924310455420141
CAACT,5,2643,0.0018917896329928112
TCGTT,1,532,0.0018796992481203006
AACAC,6,3205,0.00187207488299532
GAAGC,6,3206,0.0018714909544603868
TGGAT,6,3215,0.0018662519440124418
TCCCA,11,5907,0.00186219739292365
TCACT,8,4327,0.0018488560203374163
AGTCC,5,2715,0.001841620626151013
GACTA,3,1632,0.001838235294117647
TCAGG,8,4386,0.001823985408116735
CCATA,4,2217,0.0018042399639152007
TCTCC,9,4997,0.0018010806483890335
TGGAA,9,5003,0.001798920647611433
CAGTT,6,3370,0.0017804154302670622
ATCCT,6,3398,0.0017657445556209534
GATGG,6,3403,0.001763150161622098
AACCG,1,570,0.0017543859649122807
CAAGA,7,4006,0.001747378931602596
AACCC,5,2886,0.0017325017325017325
TGTAA,7,4051,0.0017279684028634905
AGATG,7,4068,0.001720747295968535
GAATG,6,3526,0.0017016449234259785
GAACC,4,2360,0.001694915254237288
GAATC,4,2370,0.0016877637130801688
ATTGG,4,2371,0.001687051876845213
CTAGT,3,1790,0.0016759776536312849
TTTCG,1,597,0.0016750418760469012
AGAGG,8,4854,0.0016481252575195715
TTCCA,8,4919,0.0016263468184590363
CTTTG,8,4960,0.0016129032258064516
CTTAC,3,1872,0.0016025641025641025
GGTAG,3,1896,0.0015822784810126582
CTCTT,7,4493,0.0015579790785666592
TCTTC,7,4516,0.001550044286979628
CATAA,5,3253,0.001537042729787888
TGTTA,5,3258,0.001534683855125844
TAGGG,3,1968,0.001524390243902439
GGAAT,5,3293,0.0015183723048891589
ATACT,4,2635,0.0015180265654648956
GACCA,4,2716,0.0014727540500736377
GATCC,3,2046,0.001466275659824047
TAGTG,3,2073,0.001447178002894356
TCCTT,7,4955,0.0014127144298688194
GTCAA,3,2155,0.0013921113689095127
AGTTC,4,2878,0.001389854065323141
TATGA,4,2971,0.0013463480309660047
CATTT,9,6722,0.001338887235941684
CCTTA,3,2284,0.0013134851138353765
GAGAC,5,3819,0.0013092432573972245
TTGCC,4,3066,0.001304631441617743
GAGAA,7,5388,0.0012991833704528583
CCATT,5,3912,0.001278118609406953
GTTAC,2,1572,0.001272264631043257
GGTTA,2,1582,0.0012642225031605564
GATTC,3,2373,0.0012642225031605564
CAACA,5,3960,0.0012626262626262627
AAGCC,4,3171,0.001261431725007884
ATTCC,4,3194,0.0012523481527864746
TTTGC,5,4018,0.0012444001991040318
TGGTT,4,3227,0.0012395413696932136
TTCCG,1,807,0.0012391573729863693
AGTCT,4,3256,0.0012285012285012285
GAACA,4,3270,0.0012232415902140672
GTTAA,3,2455,0.0012219959266802445
AGCTT,4,3312,0.0012077294685990338
TATAC,3,2515,0.0011928429423459245
AGTAC,2,1690,0.001183431952662722
GTATA,3,2545,0.0011787819253438114
AGGAT,4,3444,0.0011614401858304297
GATGT,3,2590,0.0011583011583011582
TGACA,4,3460,0.0011560693641618498
AGAAG,6,5204,0.0011529592621060721
CTAGA,3,2611,0.0011489850631941786
CAATT,4,3482,0.0011487650775416428
TCCAA,4,3491,0.0011458034947006588
TGGTA,3,2621,0.0011446012972148034
CCAGA,5,4419,0.0011314777098891152
AAGCA,5,4422,0.0011307100859339666
CTGTA,4,3546,0.0011280315848843769
TAGCA,3,2689,0.0011156563778356265
GAAAC,4,3614,0.0011068068622025456
TCATG,4,3616,0.0011061946902654867
TCCTA,3,2717,0.001104158998895841
GACTT,3,2721,0.0011025358324145535
TCTCT,7,6375,0.0010980392156862745
GAGAT,4,3649,0.0010961907371882709
CTACA,3,2739,0.001095290251916758
ATCTC,4,3662,0.0010922992900054614
GACAA,3,2832,0.001059322033898305
AGTAG,3,2873,0.0010442046641141664
CTGAT,3,2890,0.0010380622837370243
AAGGA,5,4825,0.0010362694300518134
TTCCT,6,5846,0.0010263427984946972
CTGTT,4,4017,0.0009957679860592482
GAACT,3,3017,0.0009943652635067948
TAGGT,2,2018,0.0009910802775024777
TGAAG,4,4086,0.0009789525208027412
ATAGG,2,2058,0.0009718172983479105
GAAGT,3,3106,0.0009658725048293626
ATAGC,2,2076,0.0009633911368015414
GGATT,3,3144,0.0009541984732824427
TTACC,2,2118,0.0009442870632672333
CTGAA,4,4301,0.0009300162752848175
TTGAC,2,2156,0.0009276437847866419
TTTGT,6,6494,0.0009239297813366184
TTCTG,5,5486,0.0009114108640174991
TCAGT,3,3335,0.0008995502248875562
AGCAT,3,3403,0.000881575080811049
GGTTT,3,3461,0.0008668015024559376
CTTAG,2,2323,0.0008609556607834697
CTATG,2,2331,0.000858000858000858
GTTTT,5,5855,0.0008539709649871904
ATAAC,2,2363,0.0008463817181548879
ATCTG,3,3557,0.0008434073657576609
CCAAA,4,4782,0.000836470096194061
ATGAA,4,4978,0.0008035355564483728
AGAGA,5,6395,0.0007818608287724785
AAGTT,3,3879,0.0007733952049497294
AGATC,2,2598,0.0007698229407236335
GGAAA,4,5324,0.0007513148009015778
AAGTC,2,2714,0.0007369196757553427
TCTGA,3,4091,0.0007333170373991689
TCAGA,3,4140,0.0007246376811594203
AGCTA,2,2776,0.0007204610951008645
TTGCT,3,4218,0.0007112375533428165
AGTGA,3,4259,0.000704390702042733
GTAAT,2,2845,0.00070298769771529
CTACT,2,2853,0.0007010164738871364
TTGTC,2,2864,0.0006983240223463687
AAGGT,2,2872,0.0006963788300835655
TTCTT,5,7267,0.000688041832943443
GATAC,1,1469,0.0006807351940095302
TAGAG,2,2985,0.0006700167504187605
ATCAC,2,2990,0.0006688963210702341
GATGA,2,3032,0.0006596306068601583
AATGT,3,4615,0.0006500541711809318
CAATG,2,3105,0.0006441223832528181
AATCC,2,3169,0.0006311139160618492
TTTGG,3,4876,0.0006152584085315833
AGAAC,2,3276,0.0006105006105006105
TTCAT,3,4932,0.0006082725060827251
AAGCT,2,3293,0.0006073489219556636
TATTC,2,3326,0.0006013229104028864
ACTGA,2,3358,0.0005955926146515784
GTAAA,2,3371,0.0005932957579353308
TATCT,2,3385,0.0005908419497784342
TCTCA,3,5135,0.0005842259006815969
AGAGT,2,3446,0.0005803830528148578
TAGGC,1,1731,0.0005777007510109763
TAGTC,1,1739,0.0005750431282346176
CTTGA,2,3508,0.0005701254275940707
AAACC,2,3553,0.0005629045876723895
TTCTC,3,5397,0.0005558643690939411
TACAA,2,3604,0.0005549389567147614
ACTAC,1,1826,0.000547645125958379
AACTT,2,3739,0.0005349023803155924
AATGG,2,3766,0.0005310674455655868
TAAAG,2,3969,0.0005039052658100278
GCTAT,1,2002,0.0004995004995004995
TGATT,2,4016,0.00049800796812749
GGTAT,1,2028,0.0004930966469428008
AATCA,2,4095,0.0004884004884004884
TGAAA,3,6157,0.00048725028422933245
GGTAA,1,2086,0.00047938638542665386
TTCTA,2,4217,0.00047427080863172874
GAGTA,1,2134,0.00046860356138706655
GATTG,1,2139,0.0004675081813931744
ATATA,3,6479,0.0004630344188918043
AAACA,3,6568,0.00045676004872107184
TTTCT,4,8870,0.00045095828635851183
ATTCA,2,4460,0.0004484304932735426
GTTAT,1,2252,0.0004440497335701599
AAAGG,2,4507,0.00044375416019525185
TAAGG,1,2284,0.00043782837127845885
AAGAG,2,4594,0.00043535045711797995
AAAAG,3,6907,0.0004343419719125525
TTAGC,1,2305,0.0004338394793926247
CTAGG,1,2311,0.00043271311120726956
GAAAG,2,4622,0.00043271311120726956
CTAAG,1,2322,0.0004306632213608958
GAAGA,2,4646,0.00043047783039173483
CCTAA,1,2391,0.0004182350480970305
CCAAT,1,2395,0.0004175365344467641
GAAAA,3,7331,0.0004092211158095758
TAGTA,1,2458,0.0004068348250610252
TCTAC,1,2458,0.0004068348250610252
ATTCT,2,4997,0.00040024014408645187
TGAGA,2,5032,0.000397456279809221
TGATC,1,2541,0.0003935458480913026
GATCT,1,2567,0.00038955979742890534
ACTAT,1,2568,0.0003894080996884735
TAACT,1,2608,0.0003834355828220859
TATAG,1,2609,0.0003832886163280951
ATATC,1,2617,0.00038211692777990065
ATTTC,2,5332,0.00037509377344336085
ATTGC,1,2682,0.0003728560775540641
ACTTA,1,2763,0.0003619254433586681
TAGCT,1,2767,0.0003614022406938923
TAAGT,1,2785,0.0003590664272890485
TAGGA,1,2790,0.00035842293906810036
GATTA,1,2796,0.000357653791130186
TAGTT,1,2809,0.000355998576005696
ACTAA,1,2814,0.00035536602700781805
TTAGT,1,2844,0.00035161744022503517
TAATC,1,2908,0.000343878954607978
ATTAC,1,2922,0.00034223134839151266
ATTAG,1,2940,0.0003401360544217687
ATCAG,1,2968,0.00033692722371967657
CTCTA,1,3010,0.0003322259136212625
TAAAC,1,3038,0.0003291639236339697
AACTC,1,3063,0.000326477309826967
TTGGT,1,3091,0.00032351989647363315
TTAGA,1,3134,0.0003190810465858328
AATGC,1,3146,0.0003178639542275906
CTTAA,1,3166,0.0003158559696778269
TAACA,1,3195,0.00031298904538341156
AACCT,1,3195,0.00031298904538341156
CATTA,1,3232,0.0003094059405940594
TATTG,1,3244,0.00030826140567200987
AAGTA,1,3326,0.0003006614552014432
TCAAT,1,3350,0.00029850746268656717
TGATG,1,3420,0.00029239766081871346
AAGAC,1,3424,0.0002920560747663551
ACTGT,1,3429,0.00029163021289005544
CTATT,1,3432,0.0002913752913752914
TACTT,1,3433,0.00029129041654529564
TCAAG,1,3511,0.0002848191398461977
AAGAA,2,7122,0.0002808199943836001
ATTGT,1,3571,0.0002800336040324839
AAGGG,1,3579,0.0002794076557697681
TCTTT,2,7198,0.0002778549597110308
AAAGA,2,7199,0.0002778163633838033
TTAAA,2,7215,0.0002772002772002772
ATGAT,1,3609,0.0002770850651149903
CAAAA,2,7255,0.0002756719503790489
AGATA,1,3634,0.000275178866263071
ATCAT,1,3642,0.0002745744096650192
TTTTG,2,7313,0.0002734855736359907
TTTAG,1,3667,0.0002727024815925825
TTGTA,1,3713,0.00026932399676811203
AATCT,1,3755,0.0002663115845539281
TTTTC,2,7557,0.00026465528648934763
GAATT,1,3824,0.0002615062761506276
TTGAG,1,3860,0.00025906735751295336
CTCAA,1,3867,0.0002585983966899405
AACAG,1,3882,0.00025759917568263783
ATCTT,1,3904,0.00025614754098360657
CTTTA,1,3947,0.0002533569799847986
AAGAT,1,4010,0.00024937655860349125
GATTT,1,4046,0.00024715768660405336
TCTTG,1,4066,0.00024594195769798326
AGAAA,2,8654,0.00023110700254217703
TGAAT,1,4345,0.00023014959723820482
TATTA,1,4452,0.00022461814914645105
AACAT,1,4562,0.00021920210434020167
TTAAT,1,4777,0.00020933640360058616
CAAAT,1,4788,0.00020885547201336674
TTCAA,1,4834,0.0002068680182043856
AGTTT,1,4834,0.0002068680182043856
AAACT,1,4879,0.00020496003279360525
TCATT,1,4955,0.00020181634712411706
ACTTT,1,4957,0.00020173492031470649
AAAGT,1,4965,0.0002014098690835851
ATTTG,1,4998,0.00020008003201280514
AGAAT,1,5013,0.00019948134849391582
TTGTT,1,5293,0.0001889287738522577
TAATT,1,5421,0.00018446781036709093
AATTA,1,5509,0.0001815211472136504
ATTTA,1,6187,0.00016162922256343946
TTTCA,1,6282,0.0001591849729385546
AAATG,1,6667,0.00014999250037498125
CTTTT,1,7006,0.00014273479874393378
ATAAA,1,7703,0.00012981955082435416
ATTTT,1,10777,9.279020135473695e-05
TTTTT,1,18131,5.5154155865644475e-05
CNNNN,0,1,0.0
TCNNN,0,1,0.0
ATCNN,0,1,0.0
GATAG,0,1871,0.0
GATCN,0,1,0.0
GATCA,0,2555,0.0
ATCGT,0,493,0.0
GGATA,0,2017,0.0
TAGAT,0,2825,0.0
TTCGG,0,625,0.0
TTCAG,0,4409,0.0
GCTAA,0,2321,0.0
TCTAA,0,3182,0.0
ATATT,0,5907,0.0
TTGGA,0,3544,0.0
TAAGC,0,1922,0.0
AATTC,0,3836,0.0
TAAAT,0,6218,0.0
AAATA,0,8904,0.0
AATAG,0,3394,0.0
ATAGA,0,3363,0.0
TAGAC,0,1686,0.0
CTAAA,0,3801,0.0
TCATA,0,3038,0.0
GACGA,0,606,0.0
CTATC,0,1713,0.0
TTTAC,0,3377,0.0
TTACA,0,4042,0.0
AATAT,0,5935,0.0
TTATG,0,3301,0.0
TTGAT,0,3376,0.0
ATTAT,0,5164,0.0
AATTG,0,3350,0.0
GATAT,0,2631,0.0
AAAAC,0,5689,0.0
AATGA,0,4939,0.0
TAATG,0,3185,0.0
AGGAA,0,5841,0.0
GAAAT,0,5181,0.0
AAATT,0,7411,0.0
ATTAA,0,4962,0.0
AACAA,0,5356,0.0
TTTTA,0,8791,0.0
TTTAA,0,7085,0.0
TAATA,0,4255,0.0
AATAA,0,7152,0.0
CAATA,0,3160,0.0
TAAAA,0,8898,0.0
AAAAT,0,10886,0.0
TTAAG,0,3194,0.0
AAATC,0,4096,0.0
ATCAA,0,3516,0.0
ATAAT,0,5178,0.0
AATTT,0,7462,0.0
TTTGA,0,5242,0.0
TTGAA,0,4690,0.0
ATTGA,0,3099,0.0
TATTT,0,9071,0.0
TTACG,0,381,0.0
TCTTA,0,3267,0.0
TAGAA,0,4108,0.0
CTAAC,0,1597,0.0
TAAGA,0,3319,0.0
AGTTA,0,2694,0.0
TATCC,0,2012,0.0
TACTA,0,2332,0.0
TTAGG,0,2336,0.0
AGTAT,0,2742,0.0
GAATA,0,3364,0.0
CTTAT,0,2788,0.0
TTTAT,0,7841,0.0
CTAAT,0,2970,0.0
CTATA,0,2541,0.0
ATAAG,0,2834,0.0
AACTA,0,2882,0.0
GTTTA,0,3029,0.0
TATCA,0,2900,0.0
TCAAC,0,2287,0.0
TATAT,0,6368,0.0
TTCGA,0,511,0.0
TTATC,0,2666,0.0
TCTAG,0,2568,0.0
ATCTA,0,2627,0.0
TTACT,0,3228,0.0
TTATA,0,4692,0.0
TATAA,0,4774,0.0
AAAAA,0,18163,0.0
TCAAA,0,5253,0.0
TTATT,0,7380,0.0
ATAGT,0,2655,0.0
AATAC,0,3205,0.0
GTCTA,0,1628,0.0
TCTAT,0,3307,0.0
TTAAC,0,2456,0.0
TAACC,0,1742,0.0
AACCA,0,3403,0.0
ACCAT,0,3310,0.0
AGTAA,0,3163,0.0
AACTG,0,3467,0.0
TGATA,0,2928,0.0
GATAA,0,2887,0.0
AGACT,0,3341,0.0
AGATT,0,3693,0.0
NNNNN,0,32,0.0
