kmer,Count,AvgScore
CGCGC,1597,23.66633288140549
GCGCG,1622,21.965000585062054
CGTGC,604,21.68867062452243
CGCGT,427,21.604625609312947
CGTGT,532,20.10942030845462
CGCAC,844,19.500836231461086
GCGTG,763,19.419284408050313
AATGC,1,17.065805196762085
GTGCG,769,16.964307338013878
AAGAC,1,16.882906571030617
CGTAC,42,16.815579730130377
ACGCG,200,16.572557708732784
GCGCA,756,16.046912363006008
CAAAT,1,15.960243582725525
AGCGT,9,15.87585601541731
ATTTG,1,15.832478880882263
TGCGT,279,15.662054532958615
CGTAT,48,15.418950800163051
TGCGC,495,15.238591078036663
GCGTA,72,15.206562872769105
CGCGG,1069,15.179523653493213
ACGTG,297,14.52794899693016
GCACG,598,14.505773328911252
CACGC,695,14.482367964104997
CGCAT,159,13.747587130809167
GCGCC,1150,13.577453463042723
CACGT,323,13.535045352830744
CGTGG,340,13.344331363599528
CGAAT,7,13.17238217166492
CGCCC,1039,13.013616565374713
TACGC,20,12.740290886163711
CCGCG,340,12.675079575268661
AAATG,1,12.44168221950531
CGCGA,183,12.40969110465522
CGGGC,692,12.37790457805285
GTACG,30,12.36743942350149
GCGGG,1037,12.365305202379517
AATGT,3,12.359381730823467
CGAAC,11,12.23700744726441
GAACA,4,11.936221901327372
ATGAT,1,11.826221525669098
GTGCC,396,11.742350446824643
GTGTG,1965,11.731928449036179
CGGAC,105,11.682643021643162
CGCAG,500,11.630474949443713
TAGGT,2,11.471241936087608
GCGTC,245,11.44251096188756
GCCCG,698,11.385321354380086
ACGCA,286,11.370650384848664
TGTGC,707,11.302895250104505
ATGCG,112,11.203253881141011
CATGC,366,11.161591820408656
CCCGC,604,11.13936394281124
GGCGT,93,10.882288597764507
GGCGC,449,10.852879542832518
TGTAC,46,10.747053064567888
CGTGA,106,10.590973794179142
GCACC,413,10.542328941270474
CCGTG,109,10.473374896981847
TGTGT,1390,10.387841683397365
CGTTC,32,10.276249869377352
GCGCT,502,10.27111746409381
CGTCC,166,10.159840978906455
CCCGT,109,10.131264126765618
CATAC,105,10.11501209242713
ATACG,60,10.069800340694686
GGGCG,533,9.986713883926564
GCGTT,78,9.872773771699613
CACAC,1921,9.844287911819183
TGCGG,229,9.778166782314274
GAGCG,63,9.776669247933324
TCGCG,29,9.722432364163728
CGGCG,242,9.685688141741105
CGCAA,79,9.63918774714104
CGCCT,332,9.61636016315343
CGCTC,307,9.588217147853504
CGTAG,31,9.534373707438428
CGAGC,88,9.462063371775333
CGAGT,29,9.414614199789177
GTGCA,658,9.411101404837924
ACGTA,44,9.39479753696783
GGACG,49,9.389565457342838
CGGGT,181,9.387390833430363
AACAC,6,9.384467102587223
CACCC,346,8.958256701631957
GCCGT,41,8.912859568690381
TGAGT,19,8.846198146574592
GTGTA,97,8.81734587389438
CGCCG,459,8.808742341565168
CGTCG,47,8.759521855477322
GCGGC,533,8.749948791965604
TATGC,12,8.709559295326471
ACGCC,220,8.695902204593983
CTGTT,4,8.659363493323326
CGGGG,396,8.632357263676539
GACGT,9,8.595920200149218
GTCGT,7,8.583449387124606
CACGG,258,8.554794875829112
GCGGA,232,8.553893910737001
TGCAC,518,8.524703935989715
GCGAG,206,8.49240302502232
GCATG,376,8.46398090736128
CATGT,270,8.265961683582928
ACGTC,38,8.134553826266998
GAATG,6,8.092654610673586
GCCGC,223,8.07401865078011
ACCCG,120,7.967035669740289
GCCTG,267,7.926279953907659
CGTCT,63,7.920249565371445
AAACG,5,7.904676130414009
TGCCC,235,7.898649485861051
CTCGT,14,7.880304811788457
GCGAA,44,7.775057834149762
CCGCA,133,7.756577373783391
GCCCA,273,7.755102211773232
ACGGG,101,7.750399984308694
CGCTT,107,7.733257865916206
CGACG,10,7.715782324969768
GTACA,39,7.701738282751578
CTGCG,95,7.67099415259926
TATGA,4,7.611224826425314
CAGAC,42,7.575436508460414
CCCAT,48,7.561030151613522
GCTCG,123,7.559485494787616
CCTGT,75,7.544944451202949
CCTGC,205,7.538186682506305
CAACT,5,7.535031342506409
AGGCG,100,7.493662196919322
CCACG,64,7.482996731298044
ACCGT,13,7.47482443214036
GCACA,825,7.438778597477711
CCCAC,197,7.429184729545401
AGCGC,64,7.394324860128108
GTCCG,65,7.387394269154622
TACGT,61,7.380351549167125
GCCCC,462,7.32140287086297
GTGTC,211,7.298445304868946
GAGTG,55,7.275220490416342
GCAGG,370,7.256204881629831
GCATA,49,7.233037148051116
CGTAA,12,7.176569770090282
ACACG,383,7.176390894384709
GCACT,190,7.103638820722699
CAGGC,231,7.055857745378209
CGGCC,190,7.04033974029712
GTATG,96,7.020917794735094
GTGGG,301,7.010342011282351
CGTCA,42,6.98124213454624
CGCCA,196,6.971560948913233
CTCGC,95,6.853878677695206
CGTTA,9,6.852362597568168
CCTAT,6,6.827709772313635
GCGGT,120,6.8119266842181485
CGCTG,274,6.754395990783729
CCATG,30,6.752122518296043
AAGCA,5,6.701663713902235
AGTGT,23,6.6021939710430475
TCGTA,4,6.579504795372486
GTTCG,7,6.564916150910514
ACGCT,79,6.5283444818062115
GACGC,44,6.527727871286598
CGTTT,24,6.520460806787014
CCGTT,13,6.462668112837351
GTGCT,192,6.416172163405766
GAACG,6,6.365219980478287
CGTTG,29,6.3499592789769945
CACCG,127,6.308461742937624
CACAT,337,6.284238652129953
GGTGC,151,6.266353299606912
GGGTG,195,6.261625519413979
TATCT,2,6.257493827491999
GCCCT,165,6.2452422571904735
GCGAC,72,6.223878952816853
TGACT,6,6.202980798358719
CGAGG,60,6.165714900412907
GAAAC,4,6.109500146470964
GTGTT,80,6.103504927875474
CGGGA,144,6.082227234314713
GCAGC,233,6.0779004437137445
CGGCA,49,6.04848915467761
CGCTA,28,6.0179556871631315
GGCAC,129,5.999437210395528
TTCAT,3,5.99587968736887
ATGTG,238,5.994988099953645
CCGCC,292,5.9140143271580286
TGTCA,7,5.901600432183061
AGTGC,41,5.901163104648997
CAAGC,18,5.8238484877058205
CTGAT,3,5.815935870011647
CGGAG,83,5.802945583862399
TGCCG,79,5.768722088194063
ACGGA,43,5.748481975825027
CACGA,66,5.741262496957048
GCCTA,22,5.735401639037511
ACGTT,26,5.714566563757566
TACAC,53,5.705213077788083
CCCGG,246,5.690536271519978
TGCGA,59,5.656477812930184
CGGCT,73,5.624264266086768
GCGAT,31,5.609581557132544
TGCAT,228,5.527057418248436
CCCCC,224,5.505067801164322
CGGTC,29,5.482355690464892
CACCT,192,5.481679989286931
ACGAA,13,5.445929464239341
GTAGG,9,5.435761484834883
TCATG,4,5.397317685186863
CTGTG,89,5.375683218701167
GGTGT,63,5.375416955363656
GTACC,27,5.373782998709767
GCCTT,34,5.368208478917094
CGAAG,13,5.357903428662282
CAGGT,97,5.352481513831419
CGGAT,20,5.3138489976525305
GGGCA,173,5.312084185767036
CCCCG,284,5.308865754007572
GCCGG,120,5.3044098951853815
ACGGC,94,5.295221847041134
CATAT,42,5.272612690304716
GCATC,55,5.257503255778416
GGCGG,269,5.239048989333877
CGGAA,17,5.213427515371757
CATGG,94,5.206741956637261
CATCC,31,5.132212842814624
GTATC,4,5.114154749549925
TGAGC,28,5.113937965993371
GCATT,28,5.104828490942184
GTGGC,150,5.102560720114658
AAGCG,11,5.065820461308414
TTTGT,6,5.06418002396822
CTTGT,13,5.0559517580729265
GCAAA,26,5.01178084500134
TCGTG,9,4.985296544101503
ACCGC,35,4.947278119038258
CTCTA,1,4.931939318776131
GCAAC,33,4.929946593093601
GCTCC,114,4.92026671439638
GACAC,48,4.84042123585823
ACACC,209,4.826621926394091
CACAA,83,4.8001961922834075
CCATA,4,4.7910969434306026
CGAGA,13,4.757848302905376
GGCGA,61,4.75123314437319
TGCAA,37,4.726769467765415
GCAAG,56,4.725633580004796
AACGC,9,4.69257340952754
CGGTG,51,4.691698642155411
GGGGC,237,4.681384996603389
CCCGA,57,4.648727660312464
GCCTC,123,4.629744420076978
TGCCT,120,4.609057977966343
GGGCC,220,4.606490566466131
ACCCA,77,4.5761981602492074
TGGGT,66,4.543015333964969
GTCGC,23,4.532732654038979
TCCGT,17,4.51441852748394
ATGCA,206,4.514183408002035
TACGG,9,4.512775118980143
GTGAG,116,4.503756776219234
TCCGC,40,4.497723991051316
GGCCG,162,4.4571105079138995
CATGA,18,4.429585759424501
TGTAT,65,4.426800118658978
AACGT,3,4.353328143556912
CAGCG,54,4.348032679546763
GCTTT,15,4.336652144541343
TTGTG,8,4.302105933427811
GTCTG,59,4.295550463563305
CGACC,13,4.268736247976239
AAGGG,1,4.268014743924141
GTGAA,34,4.249968883088407
GGGGG,159,4.225429357000211
GGACA,54,4.218121985490951
CAGCC,103,4.213431485901469
GTCCC,79,4.19973678976486
GCAGT,60,4.19419141660134
TGGGC,179,4.179929044180908
CCGTC,30,4.153656861465424
GTGAC,62,4.139140960805479
TGTCG,16,4.132730265962891
ACCCT,51,4.104808746143153
CCACA,63,4.103486743977382
CACAG,270,4.085414927218247
CCGGC,115,4.07678564702687
CGACT,10,4.066011133044958
GTAAA,2,4.0578543394804
CAAAC,12,4.04748729771624
CCAAT,1,4.0400230884552
TAGCT,1,4.034526988863945
TGTCT,58,4.007775054056326
CAAGT,11,4.001397938213565
GTTAA,3,3.996682266394297
GTGGA,116,3.992333851417462
ACCAC,13,3.9772516798514586
CCGTA,6,3.9721438313523927
TCTGT,28,3.9540208860167434
GCCGA,33,3.9537650011197636
CCGCT,67,3.9497765621809817
GTACT,16,3.9189740309957415
GCCAG,63,3.910122488765785
GTAGC,19,3.8939784539275264
GCTTG,37,3.8855768715006276
ACTTT,1,3.8811724111437798
CATTA,1,3.8689018543809652
CACTC,192,3.8629154272396895
ACCCC,98,3.856592130500405
CCCTA,19,3.80015313880224
CAAAG,16,3.793503770022653
CCCTT,21,3.785440277663015
GCTGC,52,3.7540883069965414
GCTCA,69,3.7438882450991566
CCGGG,148,3.681867123354931
TGTTT,24,3.6690310708557567
CACTT,55,3.6552202772010456
CACCA,85,3.6380594595938045
GCTGT,17,3.632426110041492
TGTCC,67,3.6312014349916977
GGCCC,155,3.6284432012377485
GTGGT,64,3.6233576313388767
GGGAC,69,3.5989307546043308
TACAA,2,3.5915215890854597
GCAGA,104,3.5877119005801013
GCTCT,40,3.5812318313866855
TGCAG,189,3.5788726235158426
GGTAC,15,3.555317044009765
GGACC,42,3.5482901587106643
TGTGG,208,3.5348695599554607
GTAAC,4,3.5107791326008737
GCCAC,45,3.5038266805569744
CACTG,76,3.492361831791258
CCCAG,125,3.4378253905549645
AGACG,10,3.4316453278064727
GGCAT,22,3.382521876218644
ACCTG,90,3.3777666080329154
ACCGG,25,3.3747146851196885
ACCTA,8,3.361502030165866
CTGCA,63,3.3589314115011977
GCTTC,39,3.3543312712572515
GGGCT,122,3.348856344788534
CCTAC,16,3.348381864372641
CCCTG,123,3.3458866520436494
CAACA,5,3.3223436694592237
CCGAG,42,3.321079535720249
GTCCA,54,3.294744793524
ATCCA,7,3.28840757054942
ACATG,253,3.2560166259822636
GCAAT,18,3.2517581310951047
AATCG,1,3.2094345688819885
TGGAC,34,3.1650566536494913
CGATT,3,3.145535180966059
TGCTC,90,3.1421417757247885
GTCGA,3,3.131973614295324
GCCAA,14,3.1156171822388257
CAATG,2,3.1109871566295624
CTCAC,57,3.1089066522882174
TGTTC,20,3.1009092851541937
CCTGG,94,3.0878554953143316
CCGAC,13,3.0136169869309435
ACATA,70,3.0102438456778016
CGATG,6,3.0054086900005736
ACGGT,34,2.981332572779673
GTCAT,7,2.9802442842296193
TGTGA,103,2.976343027994181
GTTTG,10,2.9687445919960735
CCCAA,21,2.9163630477019717
ATGCC,44,2.915803668089211
AGGTG,68,2.9057073931702795
GCTAG,5,2.8653114080429076
CCGGT,23,2.860153666333012
GGGGA,106,2.8532605169797844
CCCCT,113,2.8361716543291324
CAGGG,128,2.821238731201447
AAAGG,2,2.805997476913035
TGAAC,6,2.771458307902018
GTGAT,10,2.7580475308001042
GGGTA,11,2.7490136450664564
CGGTT,8,2.7413384774699807
CGAAA,4,2.7399095818400383
CTTGC,18,2.732207441754225
CAGAA,14,2.731516100998436
CCTGA,25,2.731004714667797
GGCAA,16,2.717391255777329
CGATC,6,2.7083999440073967
GGGTC,64,2.689598579047015
ATACA,37,2.66681174551313
ATATG,34,2.6620890933143744
GGGGT,68,2.6573601865264425
GACAG,10,2.6570085542276503
CCCTC,100,2.6559291447000577
CCACC,86,2.6413357692965587
GTAGA,7,2.6400639106120383
CCCCA,82,2.617329330433433
CATAG,6,2.601482675721248
CATCG,11,2.5928591886027292
ATGAG,8,2.5903575280681252
GTCCT,43,2.580803598255612
CCGGA,32,2.5779529727005865
ACGAT,5,2.5712387546896935
TGGCG,36,2.5450543699165187
CCTCG,61,2.541241807908919
GCTGG,54,2.5260821676088705
CAACG,16,2.5238893559435382
CTTTT,1,2.519277822226286
TACGA,2,2.507780909538269
TGGGG,60,2.5036741549149157
CAGAT,12,2.4701094649111233
GTTCA,11,2.4690591215410014
GAAGT,3,2.4668856697777906
GGCCA,59,2.4435044589720794
CAAGA,7,2.4373854265681336
GCTGA,12,2.4312153117886433
ACGAC,21,2.4122981472561755
AGAAA,2,2.409094750881195
GCTTA,4,2.4014012133702636
AAAGC,8,2.3827215749770403
GTTAT,1,2.371302742511034
AACCT,1,2.3558409065008163
GACGG,17,2.3471004336195835
GACCC,26,2.3467977130069184
CCAAG,11,2.336399119347334
AGGCC,55,2.332350212775848
ATGTA,38,2.3247038143637933
AAACA,3,2.299334153532982
CCGAA,6,2.2878508071104684
GGGAA,28,2.2692319246541177
GGTGG,56,2.2612343487396305
CTCGG,62,2.2281984512303628
CAGAG,40,2.222829083306715
GAGCC,36,2.2012308909971683
GGACT,20,2.1940762143582107
ACACA,1360,2.1778020850389592
GACCG,11,2.1717861271040007
TCCAC,33,2.1640413461083714
GAGGT,12,2.154515180426339
ACATC,27,2.1424505608501256
TGGCC,46,2.126559191342929
GAGGC,31,2.096466921089638
CATAA,5,2.0905644498765468
GGCCT,64,2.0750056637334637
CAAGG,17,2.0688266983146177
CAATC,12,2.067972524673678
TGCCA,61,2.063808973878622
CCTAG,12,2.045660734642297
CACTA,14,2.043248034215399
GTAAT,2,2.0306502617895603
TGCTG,89,2.0144672467938385
GCCAT,19,2.007805178432088
GTCGG,21,1.971267883488465
GATTA,1,1.9608461149036884
CAAAA,2,1.9547297917306423
CAGGA,37,1.951554314812293
TCGCA,25,1.933028884381056
GTCAC,12,1.9317554791923612
CTCAT,11,1.9274716858159413
CGACA,4,1.9269695621915162
ACCGA,3,1.9040929898619652
CATTT,9,1.8920506011280749
TGGGA,22,1.8717730895362117
GTTCT,8,1.8649493255652487
GACAT,10,1.8593116015195847
TAAAC,1,1.8550515323877335
CTCCC,82,1.8480681473213225
ATGGG,36,1.8281308598816395
TGAGG,13,1.8266249528656213
CCAGT,13,1.8214581156006227
TCGTT,1,1.8102564290165901
CATTC,14,1.7788426131010056
GTATA,3,1.7533128311236699
AAGTG,8,1.7501105098053813
GGGTT,23,1.749263871461153
AGGTA,8,1.7391850100830197
ATGAC,5,1.7370237477123738
GGCAG,92,1.7356180543150834
ACATT,13,1.717111944865722
GTTAC,2,1.716158665716648
CTACA,3,1.7149313688278198
CAGCA,36,1.712898230387105
GTTTT,5,1.6999453812837602
GGGAG,87,1.6913532004263465
AGCAT,3,1.6663235028584797
ACCTC,22,1.6467373703013768
GGCTC,77,1.6348004463769785
TCGTC,6,1.631331376420955
GCTAC,4,1.6233288068324327
CATTG,10,1.6216069679707288
CCAGC,34,1.6140016538556665
GCTAT,1,1.6099387407302856
ACCAA,9,1.5928985882136557
GGATT,3,1.5915747980276744
GTAAG,8,1.5709892236627638
CCTCC,84,1.5702896433012072
GGGAT,21,1.5698000432125159
CTCCG,44,1.5683026828549125
TGCTT,38,1.5594731249699467
AAGGC,7,1.5391986080046212
GATGC,8,1.5348853878676891
TCTGC,21,1.5182009481248402
ACAAT,9,1.5136477916191022
CAACC,6,1.5117081391314666
GGTCG,14,1.4742034498069967
GGCTG,86,1.459255718447398
TGTAG,14,1.4548068211546965
ACAGC,48,1.4491619721520692
TAGCG,5,1.4458669632673264
CCGAT,7,1.4428351713078362
TTAAT,1,1.442654311656952
GTCTC,23,1.4007870560997855
GAGGA,22,1.3406943390145898
GGAGC,43,1.3330210070342345
GGAGT,17,1.3085701494094204
CCAAC,14,1.3013456585550947
CTACG,3,1.2930390189091365
TATGT,103,1.2928322640799204
TGCTA,7,1.2920305218015398
CCTTC,20,1.2888825331348925
TAACG,1,1.2726520579308271
CCAGG,43,1.2377922872492915
AGCGG,21,1.2342535953613973
ACAAC,10,1.2329184712842107
GTTGA,6,1.2266593190530937
GGCTA,8,1.2138729798607528
ACAGG,89,1.2131765481879873
GGAAT,5,1.2125038743019103
CTTCT,14,1.2063807602971792
ACTCG,33,1.2033608469999197
TACAG,12,1.2020418799171846
TGTTG,16,1.1618206900311634
TCCCG,35,1.1600375992379017
TCGGC,14,1.1512200755200215
GGTGA,23,1.1245148972324703
ACTTG,15,1.1192125871777534
CAGCT,34,1.1176002126406221
AGCAC,22,1.1036225587806918
CCTTG,23,1.0855067837578447
CTCCT,45,1.084281338709924
GTTGG,14,1.0664457165236985
ACAAA,29,1.0566459010547862
GTCTT,8,1.0566070955246687
GGATG,18,1.023248171640767
CAGTT,6,1.01009243602554
CTTAC,3,1.0076777848104637
CTGGC,40,1.0034254424273967
GTCAG,20,0.9935218984261155
TCCGA,8,0.9931548573076725
GAGGG,27,0.975167128464414
CTGCC,62,0.9707125539500867
AACGG,5,0.9659886162728071
CATCA,15,0.9529518145446976
TTCCG,1,0.9434884935617447
GTTAG,4,0.9229250019416213
ATACC,5,0.8968800738453865
AAGGA,5,0.8797216478735208
GGAAG,15,0.8548393045862516
AGGCA,51,0.8513079493069181
CTAGG,1,0.8260303735733032
GTTCC,14,0.8208204620916929
GGTCC,30,0.798047325387597
ACTCC,40,0.7948197037214413
GAGTC,11,0.7923007886856794
CAGTC,17,0.7821640844511635
ATGTC,9,0.7668096025784811
CCTCT,17,0.7490978558712146
AGCCG,24,0.7234297137862692
AATCT,1,0.7231233865022659
CTTTG,8,0.7069906545802951
TCTGA,3,0.6787812362114588
CTCAG,22,0.6755764264486391
ATCCG,4,0.6730106510221958
CCTTT,9,0.6670499535070525
CTGAC,8,0.6609323810553178
CTATG,2,0.6142189800739288
CTCTG,25,0.5869057562947273
ACCTT,16,0.5675510563887656
TGTAA,7,0.5641922588859286
GTAGT,5,0.5611374542117119
AAAAG,3,0.5539838460584482
ATGGT,15,0.5471059884876013
GTTTC,10,0.5462295424193144
TGACC,10,0.5434673696756362
TCCAT,8,0.5433415984734893
GTATT,7,0.5365867761096784
CCTCA,13,0.5313958978423705
ATGGC,21,0.5264353087792794
TGACA,4,0.48964186082594097
TCGAC,1,0.4797290936112404
GGTCT,16,0.4360144288511947
GGAGG,58,0.43327890758820137
ACGAG,25,0.43321476824581623
GATAC,1,0.42362332344055176
CCTAA,1,0.41271598637104034
CTTGG,20,0.3923847900703549
AGGGC,38,0.38927083719815864
TTGTA,1,0.3857361152768135
CAGTG,33,0.3837595441463319
AGGTC,12,0.382034656436493
TACCC,13,0.3813025164776124
CTCCA,17,0.37262674922342687
AGGGG,35,0.36963938644954136
GAAGG,13,0.36633449226904374
CTCGA,10,0.34553868398070336
TGGAG,27,0.34405447149442303
GAATT,1,0.32126063108444214
CCATT,5,0.30765720158815385
GGTCA,8,0.30318069620989263
TTGAG,1,0.2880789344199002
AGGTT,6,0.2827911439041297
CATCT,11,0.27948707240549003
TATAC,3,0.2681936174631119
TACCG,4,0.25948039814829826
GGAAC,6,0.249553175487866
GAGCT,20,0.24593200646340846
CCATC,9,0.23797729632092846
TACTG,8,0.23683260846883059
TCCCC,32,0.23566352533816826
TACCT,9,0.2350716210073895
CCACT,29,0.2160376632778809
TTGCG,6,0.20268291731675467
CAATT,4,0.2021444234997034
ACTCT,8,0.18463995633646846
CTAGT,3,0.18461820607384047
ATCGG,5,0.1710705652832985
TCGCC,32,0.1556012086221017
ACAGT,20,0.1297959410585463
CTCTC,22,0.11689213970252736
CTTCG,7,0.09446694954697575
CTGCT,30,0.08537722720454137
ATATA,3,0.058236549297968544
AGCCC,53,0.036594331879520194
GTTGT,8,0.027240616036579013
GACTT,3,0.011030703783035278
ACACT,126,0.009866744885960269
TGTTA,5,-0.0035853147506713866
TGATT,2,-0.0036979205906391144
TGAAG,4,-0.020604699850082397
GGTTT,3,-0.0336175337433815
TCGCT,20,-0.04285970088094473
TAGCA,3,-0.05072189122438431
CTACT,2,-0.06135553400963545
CTTCC,25,-0.07957078775390983
GGAGA,24,-0.08606559286514918
AAGCC,4,-0.09897972270846367
TACTC,8,-0.1011775047518313
ACAAG,11,-0.11357892431657422
GGATC,6,-0.11663866974413395
ATGAA,4,-0.12956636399030685
TACAT,15,-0.16061688115199407
GAGCA,20,-0.17127940393984317
ATGCT,34,-0.17218958860372796
GGCTT,22,-0.1753045582974499
GAGAC,5,-0.17861488908529283
AGCGA,13,-0.21873143315315247
CCAAA,4,-0.22840792313218117
TTCGT,5,-0.25718615800142286
GAGAG,13,-0.2587204326230746
GACTG,6,-0.2765466260413329
CTCTT,7,-0.2767227313348225
GAGTA,1,-0.29014259576797485
GAAGC,6,-0.2913701254874468
CTAAG,1,-0.2981483042240143
GACTC,12,-0.2984057815435032
GGTAG,3,-0.29856516793370247
ACTGC,11,-0.3404823623766953
AGGCT,38,-0.34069133442091315
GTTGC,6,-0.3658227138221264
AAGAA,2,-0.374199703335762
AAAGT,1,-0.38504979759454727
AGGGA,21,-0.4048380271664688
GAGTT,8,-0.41615611827000976
TTCGC,6,-0.4193848731617133
GGTTA,2,-0.42325427383184433
TGAAT,1,-0.43365103006362915
TAATC,1,-0.4344024956226349
TCTCG,10,-0.44077737294137476
GGAAA,4,-0.45140278339385986
TCACG,17,-0.47384440197664146
TAGAG,2,-0.48190683871507645
AACGA,2,-0.49235543608665466
TTCAC,8,-0.49805736308917403
ATAAC,2,-0.5013543777167797
GATGT,3,-0.5030075622101625
TTTTT,1,-0.5268219411373138
CTACC,6,-0.5478337643047174
GGTTC,8,-0.5661960323341191
TGACG,11,-0.575901054523208
ATGTT,89,-0.640573249188032
ACCAG,9,-0.6599698793143034
TACTT,1,-0.6605953574180603
TCGAA,3,-0.6643854379653931
GACCA,4,-0.6759970407001674
GGTAA,1,-0.687550500035286
AGACC,10,-0.6997430121526123
AAGAT,1,-0.7144998162984848
CTAGC,4,-0.7326402701437473
AACAG,1,-0.7329094484448433
TCGGG,14,-0.7781719015911222
TCGGT,3,-0.7939600323637327
CTTCA,13,-0.805443666732082
TCCCT,23,-0.8302492879574066
GAGAT,4,-0.8398057734593749
CTGGG,31,-0.8593151874599918
AAGCT,2,-0.873334988951683
TGGCT,14,-0.8791448292987687
ACTTC,7,-0.8921553774603775
GATTC,3,-0.8937622662633657
TAACT,1,-0.8938542455434799
GAATC,4,-0.9024019301868975
ACTAG,5,-0.9142715904861689
AGGAG,28,-0.9181084756440084
TTGCT,3,-0.9242402041951815
TGGTG,17,-0.9410956264199579
TTCTG,5,-0.9425771683454514
TGGAA,9,-0.9478014897969034
TCAGT,3,-0.9777443905671438
ATCCT,6,-0.9917921206603447
AGAGG,8,-1.0057147601619363
CTGAG,16,-1.024509948445484
CTTAG,2,-1.0253322906792164
AGCCT,20,-1.0293821070343256
GACTA,3,-1.0489111542701721
CTGGT,10,-1.051667596027255
AGTGG,15,-1.0695475791891416
TCACC,10,-1.0753010602667927
TACCA,8,-1.077625310048461
GTCAA,3,-1.089417651295662
ATCAT,1,-1.0918706506490707
TTGCC,4,-1.094338446506299
AGGGT,13,-1.1052657503348131
AATCA,2,-1.1178107000887394
ATATC,1,-1.1317127868533134
TAGGC,1,-1.1329296231269836
CTAGA,3,-1.1380196263392766
TTGTT,1,-1.1458421349525452
TAGGA,1,-1.1726357340812683
AGGAC,9,-1.1918090105884604
GAGAA,7,-1.1941484702484948
ACTTA,1,-1.2209897339344025
ATCAC,2,-1.2335448078811169
ACTGG,11,-1.2413913631303743
GAACC,4,-1.260944209061563
TCTGG,15,-1.2707309631009898
ATTCG,2,-1.2734293341636658
GGTTG,15,-1.281888140613834
GAAGA,2,-1.29541926831007
GATGG,6,-1.3032682500779629
ATAGC,2,-1.309874527156353
AGTGA,3,-1.326346442103386
CTGAA,4,-1.3319570384919643
GACAA,3,-1.3446898870170116
ACAGA,61,-1.3538565108949532
GATCG,3,-1.357236698269844
AGTTC,4,-1.3603161685168743
TCCTC,25,-1.3691742999479175
CAGTA,6,-1.3800598525752623
TCCGG,24,-1.4436096392261486
AGCCA,11,-1.444906859573993
AGATG,7,-1.4477145075798035
ACTAA,1,-1.4497877359390259
GATCC,3,-1.4510572863121827
CTGTA,4,-1.4584450870752335
ATCGC,3,-1.4591724102695782
AGAAG,6,-1.4803920754541953
GATTG,1,-1.5043087378144264
ATTGT,1,-1.5079083442687988
TCAAT,1,-1.5243865251541138
ATCCC,6,-1.5263369337966044
TAACA,1,-1.5293479189276695
TCAGC,11,-1.5346236127344044
GATGA,2,-1.5404565408825874
AGGAT,4,-1.5545506477355957
CCTTA,3,-1.574437603354454
TGATG,1,-1.5821306854486465
AAGAG,2,-1.6057666800916195
TTCAA,1,-1.6180479228496552
CTCAA,1,-1.6754022240638733
TAATT,1,-1.6907047256827354
ATACT,4,-1.71787516400218
AAGTA,1,-1.7332952469587326
AACCC,5,-1.758361810259521
AAAGA,2,-1.7704274542629719
TATTG,1,-1.7767918854951859
ACTAC,1,-1.7908656597137451
TCATC,7,-1.806994158109384
ATTAG,1,-1.809059452265501
AGCTG,15,-1.8147011443972587
TCTCT,7,-1.8173844441771507
TATAG,1,-1.821994237601757
TTAGA,1,-1.8292619995772839
TTGGC,8,-1.8613464827649295
CTGGA,16,-1.8719878648407757
CTGTC,10,-1.8745131328701974
TATTA,1,-1.894125234335661
GAACT,3,-1.9023240307966869
TCTAC,1,-1.9504755437374115
TCACT,8,-1.956184062641114
TCCTG,25,-1.9638116312585772
ATAAA,1,-1.966215569525957
ATGGA,23,-1.9863362394921158
ACTAT,1,-2.0030168294906616
GAAAA,3,-2.0084607303142548
TAGCC,6,-2.0268758142677448
TCAGG,8,-2.047658143332228
CTTTC,12,-2.05668581816523
AGCAG,10,-2.069886385276914
TTTCG,1,-2.098293960094452
TGAAA,3,-2.1326348955432572
TGGTC,8,-2.1339946509106085
CTTAA,1,-2.1365531384944916
GATTT,1,-2.137625366449356
AGAAT,1,-2.139376901090145
AGAGA,5,-2.147074007242918
AGACA,19,-2.165153778305179
GACCT,6,-2.1659563528373837
AGCTC,16,-2.1803494140913244
TTGAC,2,-2.2011839374899864
AAGTT,3,-2.205468571434418
TTCCA,8,-2.2154922243207693
TCAGA,3,-2.2279004206260047
AATGG,2,-2.27204542607069
AGAGC,14,-2.2805835733722364
TAGTG,3,-2.289972602079312
TCTCA,3,-2.29280294974645
GAAAG,2,-2.3243559896945953
AGAAC,2,-2.329896097071469
ACTGA,2,-2.3565543815493584
AGTCC,5,-2.3800918333232404
TTTGC,5,-2.3965386897325516
TTTTC,2,-2.4065492916852236
CCAGA,5,-2.4102745413780213
AGCAA,9,-2.4152033577362695
TGGTT,4,-2.42072088830173
CGATA,1,-2.434805393218994
TTGGG,8,-2.442174419411458
TCGAT,1,-2.4500744491815567
AACCG,1,-2.4972819685935974
ATTGC,1,-2.509000062942505
AGATA,1,-2.5469420105218887
TCCCA,11,-2.622938144613396
TATCG,1,-2.660847395658493
TTAAA,2,-2.665504530072212
ATTGG,4,-2.6668797433376312
TTCCC,14,-2.67444828511881
TCCAG,14,-2.6780813595812236
TCCTA,3,-2.686271011829376
TAGGG,3,-2.707840924461683
GATCT,1,-2.714537501335144
CTATT,1,-2.7293565087020397
TCAAG,1,-2.754643902182579
TAAAG,2,-2.76793872192502
TATGG,10,-2.8163944703526793
AGTCT,4,-2.831787683069706
TGGTA,3,-2.8691218495368958
AAACT,1,-2.870817631483078
AAGGT,2,-2.886184260249138
TCGGA,9,-2.8871462531387806
TGATC,1,-2.888315849006176
ATAGG,2,-2.940194457769394
AAGTC,2,-2.978308603167534
TTTGG,3,-3.0247023788591227
AACAT,1,-3.0364019572734833
AAACC,2,-3.0400806590914726
CTTGA,2,-3.0645091086626053
TCTCC,9,-3.066326741646561
AGATC,2,-3.0750274881720543
AGTTG,6,-3.086111598958572
AGTCG,6,-3.0902884492340186
AGTTT,1,-3.1524170637130737
GGTAT,1,-3.227672904729843
TAAGG,1,-3.2288258597254753
ATTCA,2,-3.261813122779131
TTCTC,3,-3.3402493006239333
AGCTT,4,-3.348567919805646
TCCTT,7,-3.3521961686866626
TTTCT,4,-3.3628200367093086
TTCCT,6,-3.413498519298931
ATTAC,1,-3.4304550886154175
TCCAA,4,-3.467256933450699
TCTTC,7,-3.5215789611850465
TTTCC,13,-3.5315177202439654
ATTCT,2,-3.5323810540139675
TCGAG,3,-3.5329182172815004
TTTCA,1,-3.5813575983047485
ATCTC,4,-3.583469874924049
TATTC,2,-3.6512991078197956
TTAGC,1,-3.688463881611824
TTACC,2,-3.711365718394518
ATTTT,1,-3.720819890499115
TCACA,25,-3.7254912975430488
TGGAT,6,-3.7281748776634536
TAAGT,1,-3.7496373057365417
AATCC,2,-3.764640487730503
TCTTG,1,-3.807096004486084
TTTTG,2,-3.838559202849865
AGTCA,6,-3.9112942268451056
AGAGT,2,-3.988734271377325
TTGGT,1,-3.9907226637005806
ATTCC,4,-4.000516761094332
ACTCA,23,-4.05872084143693
TGGCA,10,-4.0972269251942635
ATCAG,1,-4.110381670296192
TTCTA,2,-4.121955942362547
CGGTA,1,-4.130246043205261
TTAGT,1,-4.166618227958679
ATCTG,3,-4.207979167501132
ATCGA,2,-4.267736453562975
AACTC,1,-4.29883486777544
TAGTT,1,-4.345571994781494
TTGCA,10,-4.38986591771245
TAGTC,1,-4.438850522041321
ACTGT,1,-4.585956782102585
AGTAC,2,-4.7618827652186155
ATTTA,1,-4.916516035795212
TAGTA,1,-4.957411706447601
AGTAG,3,-4.988142006099224
AACTT,2,-5.026674583554268
AATTA,1,-5.041968882083893
ATCTT,1,-5.123948059976101
ATTTC,2,-5.283629730343819
TTGTC,2,-5.47505434975028
TGAGA,2,-5.63990044593811
TCATT,1,-5.704904682934284
TTTAG,1,-6.733071833848953
TTCTT,5,-6.861839303374291
CTTTA,1,-6.944045275449753
TCTTT,2,-7.788911506533623
AGCTA,2,-9.073844131082296
